0,1,2,3,4,5,6,7,8,9,10
0.0,0.0,0.11871153650082401,1.1681565357283004,0.0,0.0,0.0,0.4835234658246722,2.3869614223284454,0.0,0.0
1.0,0.0,0.0,9.480748493166866,0.0,0.9514170589486229,0.0022304658681025383,0.0,1.9590988126957376,0.0,0.334572247182242
2.0,0.0,0.0,0.0,0.14619954380113806,1.0667265520591405,1.287787457171992,0.022297129444544355,1.6463785478015573,0.0,0.0
3.0,2.8795556920841556,4.891802279989852,0.0,0.2790953436770293,3.062778216420016,0.044256393503459154,1.3832916303287097,1.5648426164072522,0.2929541663717579,2.8731607102608536
4.0,0.0,0.0,0.0,0.0,0.0,0.0,0.0,1.0999188326961606,0.0,0.0
5.0,0.0,0.0,0.0,0.0,0.0,0.0,0.0,2.1998376653923213,0.0,0.0
6.0,0.0,0.0,0.0,0.0,0.0,0.02882649796933614,0.05786936304752908,1.97625088143783,0.0,0.030879268645671205
7.0,0.0,0.43520521650593125,0.0,0.02622172729616213,0.0,1.7766276829131686,0.0,2.2712354643218635,0.0,0.0
8.0,0.0,0.0,0.0,0.0,0.0,0.0,0.0,2.1998376653923213,0.0,0.0
9.0,0.0,0.0,0.0,0.0,0.0,0.0,0.0,2.1998376653923213,0.0,0.0
10.0,0.0,0.0,0.0,0.0922530987942702,0.0,0.0,0.08020003736748535,0.011952278758940655,0.2078290370794611,0.0
11.0,0.0,0.0,0.0,0.032315588481421194,0.0,0.0,0.0689176923501857,0.0,0.000853457074914345,0.0
12.0,0.0,0.0,0.0,0.0,0.0,0.00476879184022389,0.1255599009321914,0.0,0.6754134240405761,0.0
13.0,0.0,0.0,0.0,0.032315588481421194,0.0,0.0,0.0689176923501857,0.0,0.000853457074914345,0.0
14.0,0.0,0.0,0.07110022743804947,0.44129877953646873,0.0,0.012496828719150173,0.08943924595555974,0.0654311032081899,0.0,0.0
15.0,0.0,0.0,0.0,0.5547319319701726,0.0,0.0,2.6603802843721964,0.09010415888045757,0.0,0.0
16.0,0.0,0.0,0.0,0.032315588481421194,0.0,0.0,0.0689176923501857,0.0,0.000853457074914345,0.0
17.0,0.0,0.0,0.0,0.032315588481421194,0.0,0.0,0.0689176923501857,0.0,0.000853457074914345,0.0
18.0,0.0,0.0,0.0,0.032315588481421194,0.0,0.0,0.0689176923501857,0.0,0.000853457074914345,0.0
19.0,0.0,0.0,0.0,0.032315588481421194,0.0,0.0,0.0689176923501857,0.0,0.000853457074914345,0.0
20.0,0.0,0.0,0.0,0.0,0.0,0.002237026254363888,0.07250808225091254,0.025256536050673954,0.7399367564702606,0.0
21.0,0.0,0.0,0.0,0.0,0.0,0.005866531427526988,0.05573905927148725,0.0,0.6673286014654543,0.0
22.0,0.0,0.0,0.0,0.0,0.0,0.0,0.06501309155239192,0.0,1.159515061673318,0.0
23.0,0.0,0.0,0.0,1.0444117072217447,0.0,0.019371631061508916,0.06776685122493724,0.0,3.2340559157738697,0.0
24.0,0.0,0.0,0.0,0.13431571854708463,0.04199231188139407,0.0,0.02648743934566387,0.0,2.319892389161026,0.0
25.0,3.829329168982259,0.0,0.0,0.0,0.0,0.0,1.9953509522218498,0.0,1.015065596996462,0.0
26.0,0.0,0.27275998176769833,0.4219503025220342,0.0,2.0199331201956054,0.0,2.935306029524821,0.0,0.7101729150574402,0.19354078089421678
27.0,0.0,0.0,0.0,0.0,0.0,0.002346612571010792,0.022295623708594905,0.0,0.2669314405861817,0.0
28.0,0.0,0.0,0.0,0.1414421204939632,0.0,0.0,0.024755509553447932,0.0391719376473401,1.5569713811408292,0.0
29.0,0.0,0.0,0.0,0.0,0.0,0.010139264323266861,0.05422267773745959,0.0,0.7176511864206286,0.0
30.0,0.0,0.0,1.9843448602999614,0.0,0.03804798269615416,0.0,0.0,0.0,0.0,0.0
31.0,0.5675378121839999,0.0,0.0,0.0,0.0,0.007251594994292431,0.23897395652288844,0.0973123863841145,0.0,0.026548380862776007
32.0,0.0,0.0,0.0,0.0872517750633521,0.0,0.08031253389590635,0.0,0.0,0.0,0.20297043496316972
34.0,0.06316716702531658,0.0,0.0,0.04745949996718722,0.0,0.0,0.0,0.0,0.0,0.7360547039193476
36.0,0.20825262387601076,0.0,0.1430023861618127,0.0,0.0,0.06398791260995113,0.0,0.009718915966557337,0.0,0.0
42.0,0.0,0.15594752533132158,0.2502408220899701,0.22242488754147008,0.5894915014191596,0.0,0.0,0.1481272941134224,0.6840835617343481,0.17712737632926362
44.0,0.0,0.0,0.0,0.0,0.0,0.0,0.06110201436137514,0.6954366878140198,0.24190751033366648,0.6505364658599737
45.0,0.05557231396933238,0.25452613077578345,0.0,0.9537287355825014,0.27863251605103306,0.016698993893134135,0.0,2.327310505430922,0.4814233782314415,0.024215898557572904
47.0,0.8928925481731148,0.37030050555336064,0.0,0.0,0.0,0.0,0.0,0.06192104718772546,1.7866604637637102,0.2889625525643115
48.0,0.08256840281513499,0.6718482958085283,0.0,0.25708063368581163,0.0,0.19285047610866665,0.037147648629537317,0.09091870646555897,0.0,0.00323953572348565
49.0,0.05461511705236588,0.24138984549732387,0.0,0.0,0.22512371200277825,0.0,0.01956376661782772,0.07770114895936515,0.0,0.23837713453472892
51.0,0.0,0.02205666754677989,0.0024776574165254646,0.01600276005601144,0.1405874686850384,0.0,0.0,0.0,0.0,0.0
52.0,0.14021372979473556,0.463454433437007,0.7162703081974843,0.13585124366786094,0.0,0.1281996730063676,0.0,0.056213936333616536,0.0,0.1530533643596393
53.0,0.058880356655916996,3.200783754506604,0.5129894598376142,0.0,0.0,0.0,0.0,0.0,0.5379161516089437,1.5557557796910435
56.0,0.0,0.0,0.12976602649150315,0.0,0.0,0.0,0.0,0.007347217021401377,0.0,0.06017875263183557
57.0,0.0,0.0,2.7360914351499073,0.13870954562653387,0.08374219111889247,0.0,0.0,0.0,0.0,0.025371416261158325
58.0,0.0,0.0,0.12976602649150315,0.0,0.0,0.0,0.0,0.007347217021401377,0.0,0.06017875263183557
59.0,0.0,0.0,0.0,0.4012960674016516,1.2118696530094535,0.0,0.0,0.0,0.0,1.7016945322063364
60.0,0.0,0.0,0.12976602649150315,0.0,0.0,0.0,0.0,0.007347217021401377,0.0,0.06017875263183557
61.0,0.0,0.0,0.12976602649150315,0.0,0.0,0.0,0.0,0.007347217021401377,0.0,0.06017875263183557
62.0,0.9085844405203595,0.0,3.185895644037101,0.0,0.0,0.0,0.0,0.0,0.2272350361028727,0.0
63.0,0.0,0.0,0.12976602649150315,0.0,0.0,0.0,0.0,0.007347217021401377,0.0,0.06017875263183557
64.0,0.0,0.0,0.12976602649150315,0.0,0.0,0.0,0.0,0.007347217021401377,0.0,0.06017875263183557
67.0,0.0,0.0,0.12976602649150315,0.0,0.0,0.0,0.0,0.007347217021401377,0.0,0.06017875263183557
69.0,0.0,0.0,0.0,0.5529632549581833,0.0720402453141429,0.0,0.0,0.0,0.0,0.0886727804684106
79.0,0.06941723620713589,0.0,0.0,0.065914119156977,0.012140390847510587,0.0,0.0,0.0,0.5261243764968186,0.0
87.0,0.08237604998595087,0.0,0.0,0.22087689999117868,0.0,0.0,0.0,0.0,0.69231111737647,0.0
88.0,0.16015095191208178,0.0,0.0,0.2979451921694882,0.0030504848145286863,0.0,0.0,0.0,0.4511342696574176,0.0
89.0,0.0,0.0,0.19009274613056898,0.6578834148811452,0.0,0.01420871701669216,0.1270309126081627,0.15744277598120068,0.0,0.0
91.0,0.11734946629619483,0.0,0.0,0.09448525532047637,0.004870638048889105,0.0,0.0,0.015165138688425292,0.019141679036014776,0.0
92.0,0.11734946629619483,0.0,0.0,0.09448525532047637,0.004870638048889105,0.0,0.0,0.015165138688425292,0.019141679036014776,0.0
94.0,0.0,0.0,0.2934871323045994,0.0,0.0,1.82852372249282,0.0,0.0,0.0,0.0
96.0,0.44293535925111666,0.0,0.37356807316479557,0.0,0.053522724802489964,1.13642876228149,0.0,0.0,0.08873282593721395,1.23903408316971
97.0,0.0,0.7095788692514942,1.0816387647670596,0.17216778728778992,0.0,1.9534163131427247,0.5581650637900502,0.11721049188155933,0.0,0.0
98.0,0.0,3.619971198814978,0.689637671985447,0.7659670080523885,2.0954184805274116,0.4367201662283165,2.6826495726610258,0.0,0.0,2.064871814265309
99.0,0.0,0.0,0.0,0.0,0.0,1.7794696077930099,0.0,0.0,0.0,0.0
100.0,0.0,0.0,0.0,0.0,0.0,1.7794696077930099,0.0,0.0,0.0,0.0
101.0,0.0,0.0,0.0,0.0,0.0,0.8897348038965049,0.0,0.0,0.0,0.0
102.0,2.2901517132363027,3.0817175321845762,4.17926378635949,0.0,1.439726818936345,1.137444558252591,0.0,0.0,0.0,0.0
103.0,0.0,0.0,0.0,0.0,0.0,1.601522647013709,0.0,0.0,0.0,0.0
104.0,0.0,0.0,0.0,0.0,0.09301339211921279,0.018532703894082264,0.0,0.05229618498972518,0.0,0.16757605244112833
106.0,0.0,2.616643411793046,5.52385089079397,1.4015832816245202,0.27168512540776163,0.04349483305248091,0.0,1.8681078867061596,1.1093842750419667,3.895388592588267
107.0,0.0,0.26533915509025213,0.94639530686053,0.0,0.34204119860157717,0.0,0.0,0.05338212446425792,0.0,0.6554888406191193
108.0,0.0,0.05197869620951918,0.8852378372733729,0.0,0.0,0.0,3.0851121581911993,0.0,0.0,0.00287912017718983
112.0,0.0,0.0,0.12647441904804446,0.07213882219507826,0.0,0.0,0.0,0.0,0.0,0.0
114.0,10.328087209991072,0.0,0.5811732568456188,2.6640952801304127,1.7605552386901369,0.0,0.0,0.0,0.0,0.6779692529592973
115.0,3.0996352438105412,0.0,2.2510349687400475,3.267802713996786,0.0,0.0,0.10240023823531372,0.1306354528617815,0.7979573595421362,0.0
117.0,0.0,0.0,4.95149690191835,1.3339346064895365,0.031711095070146474,0.0,0.21297650253176642,0.0904585967160066,0.0,0.0
119.0,0.0,0.0,0.0,3.3971715532752835,0.0,0.0,0.0,0.0,3.7443957535134684,0.0
121.0,1.2342683151812377,0.000927853842248108,0.0,2.1616894712999244,0.0,0.15255975942546224,0.0,0.0,0.43797550381858513,0.3363728639041581
122.0,0.0,0.0,0.0,0.0,1.2845510836621876,0.0,0.0,0.0,0.0,0.0
123.0,0.0,0.0,0.0,0.0,0.0,0.0,1.0382945762567604,0.0,0.0,0.0528084746944823
124.0,0.0,0.42751747642821836,0.0,0.0,2.6783672694946663,0.20298887529151782,2.5922864562607217,0.0,0.0,0.9342486565706077
127.0,0.0,0.0,1.1591210625255677,0.0,0.0,1.7544825377446254,0.0,0.0,0.02823179971806164,0.0
129.0,0.0,3.346918675536199,0.0,0.0,0.0,0.0,0.0,0.0,0.0,0.0
131.0,6.628302110444364,0.0,0.6277621971409894,0.0,0.9004916463558527,0.0,2.707002721903584,0.041804738841947804,0.5716069091930096,2.0131774882059803
132.0,0.0,0.0,0.0,0.0,0.03133566952128406,0.0,0.0,0.0655476364834969,0.18345634622303095,0.023627532515663366
133.0,4.765106151824099,0.0,0.0,1.3163598500601705,0.0,0.0,0.0,0.0,0.31184109748544653,0.0
134.0,0.07453312953108597,0.0,0.0,0.1745463663179206,0.2430757525268051,0.0,0.08595514988346357,0.11799455035551053,0.5884382640963033,0.0
135.0,0.0,0.0,0.0,0.0,0.03133566952128406,0.0,0.0,0.0655476364834969,0.18345634622303095,0.023627532515663366
136.0,0.0,0.08857251477258363,0.0,0.0,0.011992909140084959,0.0,0.08704089417702533,0.1838780058184509,0.7899313880395508,0.10164890338316541
137.0,1.9174127991628596,0.0,0.0,0.8424845531428243,0.0,0.0,0.0,0.0035723104623594753,0.20883442099202984,0.0
138.0,0.0,0.0,0.0,0.0,0.0,0.020356793547793718,0.16953004798734933,0.15995993776793227,1.1044707022386742,0.0
140.0,0.0,0.0,0.0,0.8359918132537242,0.6355599679406128,0.6995172381054146,0.0,0.0,1.6880198637129458,0.0
143.0,0.0,0.0,0.0,0.0,0.0,0.0035776047925740245,0.0,0.0,0.3418088263189868,0.0
148.0,0.0,0.0,0.0,0.1583806147732251,0.0,0.0,0.0,0.0,0.4395354063518089,0.0
149.0,0.0,0.0,0.0,0.3521142142305763,0.0,0.02629239702001403,0.0,0.0,0.1574262164892541,0.0
150.0,0.0,0.0,0.0,0.14254255329590257,0.0,0.0,0.0,0.0,0.395581865716628,0.0
151.0,0.0,0.0,0.0,0.1267044918185801,0.0,0.0,0.0,0.0,0.35162832508144704,0.0
152.0,0.0,0.0,0.0,0.1583806147732251,0.0,0.0,0.0,0.0,0.4395354063518089,0.0
153.0,6.829474767404723,0.0,0.465691681434028,1.4885248905690938,0.0,0.0,0.0,0.0,9.576745440496632,0.0
154.0,0.0,0.0,0.0,0.006931938413524982,0.0,0.0,0.0,0.0,0.9449849666393633,0.0
155.0,0.0,0.0,0.052303460634809874,0.0,0.015416966901148736,0.0,0.021495628459107158,0.016360184658976522,1.0197089745034777,0.03636865393385278
156.0,0.004028278622108377,0.0,0.0,0.08975999144269022,0.0,0.0,0.0,0.0,0.0,0.0
157.0,0.004028278622108377,0.0,0.0,0.08975999144269022,0.0,0.0,0.0,0.0,0.0,0.0
158.0,0.0,0.012446849376999922,0.0,0.028106430857636863,0.0,0.0,0.0,0.0,0.10788772597415605,0.0
159.0,0.004028278622108377,0.0,0.0,0.08975999144269022,0.0,0.0,0.0,0.0,0.0,0.0
160.0,3.5235108317088253,0.0,0.0,2.778265952525198,0.0,0.0,0.0,0.0,0.0,0.0
161.0,0.003625450759897537,0.0,0.0,0.08078399229842119,0.0,0.0,0.0,0.0,0.0,0.0
162.0,0.003625450759897537,0.0,0.0,0.08078399229842119,0.0,0.0,0.0,0.0,0.0,0.0
163.0,0.0,0.0,0.0,0.9691082395533327,0.0,0.0,0.0,0.0,0.1524825888467706,0.0
164.0,0.2771356712876053,0.0,0.0,0.08772134138329002,0.14175918558104192,0.0,0.0,0.0,0.18505644559952655,0.0
165.0,0.11352950346522289,0.0,0.0,0.5565986084069167,0.026029374089960648,0.0,0.0,0.0,0.17149849631201575,0.007246471449659265
166.0,1.3415958080929067,0.16011931556987688,0.5446383906154113,0.4936450041987961,1.1115129862110242,0.0,0.0,1.772969078567579,1.4654715832746943,1.2366848298941961
167.0,0.0,0.0,0.0,0.06644795007864099,0.012040788229888922,0.0,0.0,0.0,0.0,0.0
168.0,0.6041937842653127,0.0,4.666874693833848,1.7640977291334885,3.398007331655293,0.0,2.033275483055452,0.0,1.1091742435304692,0.0
169.0,0.0,0.0,0.0,4.227575397854961,0.0,0.0,0.05559152965644506,0.0,0.9308005700046226,0.0
170.0,0.0,0.2562560514564182,0.0,0.3090727539782143,0.10828767532778873,0.0,0.05555515952381672,0.19362737045934664,0.0,0.0
171.0,0.0,0.0,0.0,1.7599447064777913,0.11534180717888955,0.0,0.05482842713544149,0.13496827921427318,0.39143688100629354,0.024666664099075974
172.0,0.0,0.0,0.0,0.33223975039320497,0.06020394114944459,0.0,0.0,0.0,0.0,0.0
173.0,0.0,0.0,0.0,0.33223975039320497,0.06020394114944459,0.0,0.0,0.0,0.0,0.0
174.0,0.05621042056602292,2.847273116838779,0.268784644476898,0.0,1.5259198395486724,0.09832473934655314,0.0,0.0,0.0,0.0
175.0,0.0,3.252018362993361,0.0,0.0,0.0,0.0,0.0,0.0,0.0,1.942806689931076
177.0,0.021589430279145193,0.15763693010787375,0.1428816703824751,0.0,0.0,0.0,0.12456655269204624,0.0,0.0,0.2995925528134592
179.0,0.0,0.27882958091310156,0.0,0.0,0.045588734464628355,0.0,0.06647116628865547,0.20879231518905886,0.0,0.0
180.0,0.0,0.06744410409377673,0.0,0.0,0.12179361518650084,0.0026371728330939776,0.13376869806802738,0.046835632909465026,0.0,0.6212500569676976
181.0,1.1741080147509595,0.5368856133867405,1.3226198920768073,1.443732194185771,0.0,0.20255377383216547,1.736208407973018,0.07439858798003476,0.0,0.7581965425503898
182.0,0.7252203244088188,0.0,0.31699411885366635,0.0,0.0,0.0028852214177285773,0.0,0.0,0.011793639475870369,0.0
183.0,0.9678798707530716,0.0,1.4656109656068477,0.0,0.0,0.0,0.0,0.0,0.0,0.0
184.0,0.805800360454243,0.0,0.35221568761518496,0.0,0.0,0.003205801575253973,0.0,0.0,0.013104043862078198,0.0
185.0,0.805800360454243,0.0,0.35221568761518496,0.0,0.0,0.003205801575253973,0.0,0.0,0.013104043862078198,0.0
186.0,8.39916742973183,0.0,6.354650704776609,0.0,0.0,2.0170242172435207,0.0,0.0,0.07482252520910071,0.0
187.0,1.6524518573314604,0.0,1.3803574858063448,0.0,0.0,0.11641630525493588,0.0,0.0,0.0,0.7566102812789667
188.0,0.7209292167374459,0.0,0.23747862423194427,0.0,1.0996973070118863,0.0,0.0,0.0,0.0,0.0
189.0,5.090219283548838,0.20090698947145677,0.1443323648024343,0.5053144175575188,0.0,0.11589689199566765,0.08794670362020798,0.12198521260043867,0.113489875995137,0.0
190.0,0.29272957834106483,0.0,0.0,0.04362819528984383,0.7251224013479294,0.048313033996180095,0.033570361051306404,0.0,0.40065141756156025,1.0708269853445849
191.0,0.0,0.0,0.0,0.0,0.0,0.0,2.4488170257742206,0.0,0.0,0.483780714332621
192.0,0.0,0.0,0.0,0.0,0.3385598815065448,1.4344444463400337,0.0,0.0,0.0,0.46333237802634847
193.0,0.0,0.0,0.0,0.0,1.140139177258852,0.0,0.0,0.0,0.0,0.21785257349590273
194.0,0.0,0.0,0.0,0.0,0.0,0.0,0.0,0.0,0.0,0.1311393819600372
195.0,0.32869178922496045,4.369239146009804,0.0,0.22534619419817759,0.0,0.13927943558338252,2.360615396003992,0.18554078335593058,0.0,0.5396252471996165
196.0,0.8496326064312357,0.0,0.0,0.006066599329164329,1.846143706709956,0.0,0.0,0.004646766887978901,0.40511269016960433,0.4155592292349231
197.0,0.06711147242453175,0.004264716010960368,0.0,0.24787627578580027,0.0,0.0,0.0,0.045971557101190594,0.12368497924087578,0.0
198.0,1.4625373576248524,0.0,0.1133255715763401,0.0,0.0,0.0,0.0,0.0377623595194349,0.08272265741314547,0.0
199.0,3.019667647112185,0.0,0.0,1.3228088151096369,0.0,0.0,0.0,0.0,1.0107638089926236,0.0
200.0,0.19228998708195374,0.0,0.0,0.0,0.0,0.0,0.0,0.06493841648623697,0.0,0.0
201.0,0.13460299095736764,0.0,0.0,0.0,0.0,0.0,0.0,0.04545689154036588,0.0,0.0
202.0,0.17306098837375836,0.0,0.0,0.0,0.0,0.0,0.0,0.05844457483761328,0.0,0.0
203.0,0.153831989665563,0.0,0.0,0.0,0.0,0.0,0.0,0.05195073318898958,0.0,0.0
204.0,4.124482953102556,0.0,0.0,0.22310444043427016,0.0,0.0,0.102340356249205,2.4382670147818843,0.0,0.6108036485164425
206.0,0.0,0.15955145595161585,0.0,0.0,0.2496355167044706,0.0,2.213952782465477,0.0,0.06482387830419241,0.5819510190315146
207.0,0.0,4.283636491856175,0.29260283121078356,0.0,0.0,0.05332512140819203,3.0586792962017437,0.13810200258962022,0.0,1.3060630800392516
210.0,0.0,0.24180810232565497,0.07775516600093467,0.0,0.09176996031397418,0.0,0.08255510146702073,0.0,0.0,1.1127755796003067
211.0,0.0,0.0,0.3362657770161851,0.0,0.0,0.0,0.0,0.0,0.0,0.0625368075531945
212.0,0.015969087831742786,0.0,1.0454340222665899,0.0,0.030745385807275424,0.03628009519897417,0.0,0.0,0.3156787099576831,0.04084068124945738
213.0,0.0,0.0,0.0,2.919304766463903,0.05327409831450733,0.0,0.0,0.0,0.6572850687722025,0.0
214.0,0.0,0.0,0.0,0.22506416240451302,0.1984843096745809,0.0,0.0,0.0,0.6372225852502951,0.0
215.0,0.0,0.0,0.0,0.36669681393238257,0.0,1.2200684379956181,0.0,0.0,1.055299246266705,0.0
216.0,0.0,0.0,0.0,1.9858958986731112,0.0,0.0,0.0,0.0,0.0,0.0
217.0,0.0,0.0,0.0,0.3223800704400967,0.0,0.006844655555599781,0.0,0.0,0.13019012751331493,0.0
218.0,0.0,0.0,0.0,0.40297508805012094,0.0,0.008555819444499721,0.0,0.0,0.16273765939164367,0.0
219.0,0.0,0.0,0.0,0.40297508805012094,0.0,0.008555819444499721,0.0,0.0,0.16273765939164367,0.0
220.0,0.0,0.0,0.0,0.8427884365539997,0.0,0.0,0.0,0.0,1.2200450637463882,0.0
221.0,0.0,0.0,0.0,0.4296975220365289,0.0,0.051920574616485485,0.0,0.0,0.0,0.0
222.0,0.0,0.0,0.0,1.7001878440494038,0.0,0.0,0.0,0.0,0.0,0.0
223.0,3.675919011339574,0.0,0.0,1.8468001957942954,0.0,0.0,0.0572038862236628,0.06959736292440293,0.0,0.0
224.0,0.16073207745221108,0.0,0.37900765911189216,1.0643072784861831,0.06341581305101068,0.055948521942523165,0.0,0.0,0.0,0.033372350357803525
225.0,0.6781743693022556,0.27187878775151714,0.0,0.9109783832933349,0.0,0.10355809602081464,0.08796732756454231,0.0,0.4065819498976418,0.10610248574496191
226.0,0.226371196610134,0.0,0.5026701563621814,0.8507566971809734,0.07560750638257496,0.08871234124859656,0.0,0.0,0.0666881354896593,0.0
227.0,0.0,0.0,0.0,1.0767563516135077,0.0,0.0,0.0,0.0,0.0,0.0
228.0,0.0,0.0,0.11968159200887803,0.6960654657172652,0.005060388018724082,0.0,0.11387164983513068,0.07743474662925617,0.0,0.08573187044698537
229.0,0.0,0.0,0.0,0.7691116797239339,0.0,0.0,0.0,0.0,0.0,0.0
230.0,4.66593823756955,0.15173244926723117,0.0,0.0,0.0,0.08515641225845874,0.0,0.0,0.2047645802454878,0.0
231.0,1.7238213424854785,0.0,0.0,0.0,0.0,0.0,0.0,0.0,0.0,0.0
232.0,4.309553356213697,0.0,0.0,0.0,0.0,0.0,0.0,0.0,0.0,0.0
233.0,5.630264619731286,0.0,0.0,0.0,0.0,0.0,0.0,0.0,0.0,0.0
234.0,2.77129816888311,0.0,0.0,0.0,0.041104450311519936,0.0,0.0,0.0,0.0,0.12027556360192317
235.0,2.1547766781068485,0.0,0.0,0.0,0.0,0.0,0.0,0.0,0.0,0.0
236.0,2.956767085723028,0.13792411845926206,0.5601085663615655,0.0,0.0,0.0,2.3723047026357027,0.0,0.04869830618675038,0.0
237.0,1.690631402306076,0.0,0.0,0.0,0.0,0.0,0.11287620221773077,0.0,0.0,0.12166503758813695
238.0,1.292866006864109,0.0,0.0,0.0,0.0,0.0,0.0,0.0,0.0,0.0
239.0,0.014639471872322533,0.14763322817108138,0.0,0.0,0.052780315158905716,0.0,0.0,0.0,0.0,0.6794222545702238
240.0,0.0,3.942175521487828,0.0,0.0,0.0,0.0,0.0,0.0,0.0,0.3560437998252869
241.0,0.0,0.1930330946994518,0.0,0.0,0.0,0.0,0.06556083874148685,0.0,0.0,0.6380297456552421
242.0,0.0,3.7124919603775104,0.0,0.0,0.0,0.0,0.0,0.0,0.0,1.0646830512150918
243.0,0.0,0.1987721875755744,0.0,0.0,0.0,0.0,0.0,0.0,0.0,0.46711787477247363
244.0,0.0,0.0,0.0,0.0,0.0,0.023159099636860657,0.11515428813732595,0.12132212470498202,0.245221293402151,0.0
245.0,0.23235709161821264,0.09204708544487727,0.0,0.0,0.0,0.06778378191124806,0.05470710100359971,0.0679771569717992,0.48509363198361055,0.0
246.0,0.0,0.0,0.0,0.0,0.0,0.023159099636860657,0.11515428813732595,0.12132212470498202,0.245221293402151,0.0
247.0,0.0,0.0,0.0,0.0,0.0,0.023159099636860657,0.11515428813732595,0.12132212470498202,0.245221293402151,0.0
248.0,0.0,0.0,0.0,0.0,0.0,0.02084318967317459,0.10363885932359335,0.10918991223448382,0.22069916406193588,0.0
249.0,0.5110120234977713,0.45850976256126724,0.0,0.0,0.0,0.14689306076558623,0.09810422405871912,0.10421367455749588,0.8002930356209257,0.2704855314601682
250.0,0.0,0.0,0.0,0.0,0.0,0.023159099636860657,0.11515428813732595,0.12132212470498202,0.245221293402151,0.0
251.0,0.0,4.047710209439734,1.5889424404908743,0.0,0.016672524281203305,0.03188044459459131,2.8178649628442582,0.09425812466869253,0.0,1.3340858731843754
255.0,0.0,0.0,0.0,0.0,0.0,0.0,2.2018017387879465,0.0,0.0,0.0
259.0,0.20490302585137757,0.0,0.0,0.0,0.15645838210492818,0.0,0.0,0.0,0.19904881420435716,0.0002876297096956367
263.0,0.1584356963442091,0.0,0.3034230232131355,0.0,0.1623951654787399,0.17950963537713654,0.0,0.09328303555688934,0.0,0.9347450221494653
264.0,0.3666303121266447,0.042605871194076536,0.0,0.028482680575702482,0.0,0.0,0.0,0.0,0.04732238557944965,0.0
265.0,5.769866190838599,0.22570847470009703,1.0770773048668407,0.03785597231778424,0.0,1.9030989122534214,0.0,0.0692634967950733,0.0,0.48018208702794507
266.0,0.0,0.0,0.0,0.0,0.28621142128832916,0.0,0.0,0.0,0.5387768713178523,0.0
267.0,0.0,0.0,0.0,0.1241427998681294,0.0,0.0,0.0,0.023220268646768082,0.4620053749184454,0.0
268.0,0.0,3.0250228226171534,0.07910281716227568,0.0,0.259923751170796,0.004852709555668362,0.0,0.0,1.1415984748382142,0.09231805671870151
269.0,0.0,0.0,0.0,0.0,0.028621142128832915,0.0,0.0,0.0,0.053877687131785236,0.0
270.0,0.0,0.0,0.0,0.08704364628729865,0.10560049057287975,0.0,0.0,0.0,0.5865303590753054,0.0
271.0,0.0,0.04143124384782019,2.0990266090070424,0.0,0.08428688738569173,0.01075199439406292,0.0,0.24007286517314994,0.0,0.3913519608028356
272.0,0.0,0.0,0.4203322212702314,0.0,0.0,0.0,0.0,0.0,0.0,0.07817100944149312
273.0,0.0,0.0,0.0,0.0,0.0,0.0,2.4799083043701438,0.0,0.0,1.8488592895906628
274.0,0.0,0.0,0.26440399121717917,0.0,1.6181625023835833,0.0,0.0,0.0,0.0,0.0
275.0,0.0,0.0,0.4203322212702314,0.0,0.0,0.0,0.0,0.0,0.0,0.07817100944149312
276.0,0.0,0.0,0.4203322212702314,0.0,0.0,0.0,0.0,0.0,0.0,0.07817100944149312
277.0,0.0,0.0,0.4203322212702314,0.0,0.0,0.0,0.0,0.0,0.0,0.07817100944149312
278.0,0.0,0.0,0.0,0.0,0.0,0.02268887183500748,0.030281031491246745,0.0030649625788234376,0.0,0.747593438425447
279.0,0.2520669513541827,0.0,0.0,0.0,2.4558307263546606,0.0,0.0,0.0,0.20528579492115975,0.5625219486939547
280.0,0.0,0.0,0.0,0.02866481552126576,0.1399352184077886,0.0,0.0,0.0,0.0,0.730169360368759
281.0,0.0,0.0,0.0,0.0,0.0,0.013613323101004476,0.01816861889474803,0.001838977547294062,0.0,0.44855606305526824
282.0,0.0,0.0,0.0,0.0,0.0,0.02268887183500748,0.030281031491246745,0.0030649625788234376,0.0,0.747593438425447
284.0,1.380557972030563,0.778053458809338,0.0,0.2122984724222756,0.0,0.18886726409664487,0.027745797041496295,0.06909322564216724,0.0,0.0
285.0,0.0,0.0,0.08327641480558978,0.0,0.021893842730258597,0.12276331277854714,0.0,0.0,0.32383385380347957,0.2871930535249028
286.0,0.11300724855561398,0.0,0.22422731541258495,0.15316093976386014,0.006470149224907542,0.0,0.0,0.0,0.055684049710667274,0.07029400776230732
290.0,3.3770008445022297,0.0,0.0,0.0,0.0,0.0,2.1765810795074327,0.0,0.0,0.0
291.0,0.0,0.0,1.1150804273171606,0.7375808776100652,0.0,0.0,0.07059891044496089,0.23440422155033172,0.23991001492581254,0.27001987029484253
292.0,0.07732617672134338,0.0,0.0,0.0,0.0,0.0,0.0,0.0,0.0,0.20811137676458308
293.0,0.3758967157374785,0.0,0.0,0.048369127184418534,0.0427481146110019,0.0,0.0,0.0,0.0,0.10138285005254469
294.0,0.2300575646270873,0.0,0.0,0.0,0.0,0.00042794265244539887,0.0,0.0,0.0,0.9436513641422563
295.0,0.3758967157374785,0.0,0.0,0.048369127184418534,0.0427481146110019,0.0,0.0,0.0,0.0,0.10138285005254469
296.0,0.25570282084224016,0.017409827579525063,0.0,0.016087088493588482,0.7172034697688846,0.0,0.0,0.0,0.0,1.1156303605737228
297.0,0.3758967157374785,0.0,0.0,0.048369127184418534,0.0427481146110019,0.0,0.0,0.0,0.0,0.10138285005254469
298.0,0.3383070441637306,0.0,0.0,0.043532214465976694,0.038473303149901696,0.0,0.0,0.0,0.0,0.09124456504729024
299.0,0.3383070441637306,0.0,0.0,0.043532214465976694,0.038473303149901696,0.0,0.0,0.0,0.0,0.09124456504729024
300.0,0.3231484645002311,0.13795191594597975,0.0,0.0,0.054864021263557806,0.0,0.0,0.0,0.3449130751924456,0.25457017874439347
301.0,0.0,0.0,0.0,0.0,0.19477158492435756,0.0,0.03476108765865532,0.0,0.038835750164997816,0.0060569568269532486
302.0,0.0,0.0,0.0,0.0,0.19477158492435756,0.0,0.03476108765865532,0.0,0.038835750164997816,0.0060569568269532486
303.0,0.0,0.0,0.0,0.0,0.19477158492435756,0.0,0.03476108765865532,0.0,0.038835750164997816,0.0060569568269532486
304.0,0.0,0.0,0.0,0.0,1.6356133282774363,0.0,0.050214726090869743,0.0,0.5329452422681148,0.0
305.0,0.0,0.0,0.0,0.0,0.1752944264319218,0.0,0.03128497889278979,0.0,0.03495217514849804,0.005451261144257924
306.0,0.0,0.0,0.0,0.0,1.317584718625183,0.0,0.009448330861216775,0.0,0.0,0.0
307.0,0.0,0.0,0.0,0.0,0.19477158492435756,0.0,0.03476108765865532,0.0,0.038835750164997816,0.0060569568269532486
308.0,0.5967562941303641,0.0886006494766929,0.0,0.1828508250747915,0.09415343337719301,0.04149213132497433,0.0,0.0,1.107037534126556,0.0
309.0,0.0,0.14769589104855538,1.4695189459324138,0.0,0.0,0.0,0.5040628452609902,0.0,0.0,0.0
310.0,0.0,0.10338712373398874,1.0286632621526894,0.0,0.0,0.0,0.3528439916826931,0.0,0.0,0.0
311.0,0.0,0.14769589104855538,1.4695189459324138,0.0,0.0,0.0,0.5040628452609902,0.0,0.0,0.0
312.0,0.0,0.13292630194369984,1.3225670513391723,0.0,0.0,0.0,0.4536565607348911,0.0,0.0,0.0
313.0,0.0,0.06135073706583654,0.7136687804654575,0.0,0.0,0.0,0.24477589307647027,0.0,0.0,0.06341567424250684
314.0,0.0,0.14769589104855538,1.4695189459324138,0.0,0.0,0.0,0.5040628452609902,0.0,0.0,0.0
315.0,0.0,0.013020748872008343,1.278060243664565,0.0,0.0,1.7477896414003122,0.48086153295266293,0.0,0.0,0.0
316.0,0.0,0.07384794552427769,0.7347594729662069,0.0,0.0,0.0,0.2520314226304951,0.0,0.0,0.0
317.0,0.0,0.0,1.5040129188594131,0.0,0.0,1.6169108442424847,0.5204304393540755,0.0,0.0,0.12892090301977907
318.0,0.7890470010893637,0.0,0.0,0.15306379133973527,0.0,0.0,0.0529935317346423,0.005904298168982166,0.14337509887800037,0.031513152654698826
319.0,0.0,0.0,0.0,0.1949391123189251,0.0,0.0,0.0,0.0,0.0,0.0
320.0,0.012037734522002,0.0,0.0,0.15671300932958335,0.0,0.0,0.0048212649249290305,0.0,0.4561164744982249,0.0
321.0,0.0,0.0,0.0,0.15655629898915135,0.0,0.0,0.0,0.0,0.0,0.0
322.0,0.0032811651253385715,0.0,0.0,0.16075040217135927,0.0,0.0,0.001092963426904431,0.0,0.2592013528183184,0.0
323.0,0.0,0.0,0.0,0.15655629898915135,0.0,0.0,0.0,0.0,0.0,0.0
324.0,0.0,0.0,0.0,0.15655629898915135,0.0,0.0,0.0,0.0,0.0,0.0
325.0,0.0,0.0,0.0,0.8697818443187832,0.08372494843265527,0.0,0.0,0.0,0.0,0.10529305710426548
326.0,0.0,0.0,0.0,0.14360074996240976,0.0,0.0,0.0,0.0,1.1503492278917768,0.0
327.0,0.0,0.0,0.0,0.12496912142983016,0.0,0.0,0.0,0.02765316278820395,0.22389672566629973,0.0
329.0,0.0,0.0,0.0,2.568367585328625,0.0,0.0,0.0,0.0,0.8608236784923756,0.0
331.0,0.0,0.0,0.0,0.0,0.0,0.0597723347537071,0.0,0.0,0.0,0.0
332.0,0.0,0.0,0.0,0.0,0.0,0.0597723347537071,0.0,0.0,0.0,0.0
333.0,0.0,0.0,0.0,0.0,0.0,0.0597723347537071,0.0,0.0,0.0,0.0
334.0,1.0060579204858227,0.0,0.06193168706682363,0.1711935764230553,0.0,0.017034879475170708,0.0,0.010151878776836985,0.3572900049618198,0.0
335.0,0.0,0.0,0.0,0.0,0.0,0.017931700426112127,0.0,0.0,0.0,0.0
336.0,0.0,0.0,0.0,0.07641901706537807,0.008320475696794264,0.03124358152947836,0.0,0.0,0.010992322107869532,0.01102200606573659
337.0,0.0,0.0,0.0,0.0,0.0,0.017931700426112127,0.0,0.0,0.0,0.0
338.0,0.0,0.0,0.0,0.0,0.0,0.023908933901482837,0.0,0.0,0.0,0.0
339.0,0.007682970566571988,0.0,0.0,0.02962816706677248,0.0,0.022787164659225662,0.06838538544084127,0.00014860013689741724,0.0034253441161026708,0.0
340.0,0.0,0.0,0.0,0.0,0.0,0.023908933901482837,0.0,0.0,0.0,0.0
341.0,0.22673760112729488,0.0,0.0,0.1354660257776593,0.02377274359309976,0.028850398675164448,0.0,0.0,0.0,0.0
342.0,0.0,0.0,0.0,2.279368108806415,0.0,0.0,0.0,0.0,0.0,0.0
344.0,0.0,0.0,0.0,0.0,0.052553945825147615,0.0,0.0,0.04990942584961707,0.24616181699573872,0.008403225626178493
347.0,0.20490302585137757,0.0,0.0,0.0,0.15645838210492818,0.0,0.0,0.0,0.19904881420435716,0.0002876297096956367
348.0,0.0,0.1354635218179031,1.465978030342898,0.34300320866463807,0.08338093667141486,0.0,0.5560586352124917,0.07604405568378579,0.19665074471297794,0.0
349.0,2.184314007365286,0.09511492508079213,1.8402302259049104,0.0,0.10587426316811979,0.0,0.0,0.0,0.06284209311911969,0.0
350.0,0.2276700287237529,0.0,0.0,0.0,0.1738426467832535,0.0,0.0,0.0,0.22116534911595243,0.0003195885663284829
351.0,0.19970441508198503,0.022306523452788777,0.0,0.0,0.1399980601958316,0.0,0.0,0.0,0.35890841224069314,0.0
352.0,0.11383501436187644,0.0,0.0,0.0,0.08692132339162675,0.0,0.0,0.0,0.11058267455797621,0.00015979428316424145
353.0,0.7586607027923375,0.0,0.0,0.0,0.018377276726490272,0.0,0.0,0.0,0.22047657811682414,0.057208187853783864
354.0,0.0,0.0,0.0,0.0,0.0,0.0,1.9571571011448416,0.0,0.0,0.0
355.0,0.0,0.0,0.0,0.0,0.0,0.0,2.4464463764310516,0.0,0.0,0.0
356.0,0.0,0.0,0.0,0.0,0.0,0.0,1.7125124635017364,0.0,0.0,0.0
357.0,0.0,0.0,0.0,0.0,0.0,0.0,1.4678678258586313,0.0,0.0,0.0
358.0,0.026636163714936687,0.0,0.0,0.0,0.0,0.0,1.0033803301075452,0.0,0.0,0.0
359.0,0.0,0.0,0.0,0.0,0.0,0.0,1.7125124635017364,0.0,0.0,0.0
360.0,0.0,0.0,0.0,1.1875316743265143,0.0,0.0,0.0,0.0,0.9007459545821271,0.8381139496607521
364.0,0.0,0.0,0.0,0.031128019035814546,0.0,0.0,0.0,0.006900997179682868,0.05639974491287635,0.0
365.0,0.0,0.0,0.0,0.0,0.0,0.0,0.0333279796136426,2.1952543919263823,0.0,0.07502897174901314
366.0,0.067715469906331,0.0,0.0,0.06377984181838214,0.04935280459670028,0.0,0.0,0.0,0.5225941119677181,0.0
370.0,1.012306586334321,0.0,0.10744531233637705,0.0,0.0,0.0,0.0,0.0,0.06493539459652654,0.0
372.0,0.0,0.0,0.8954436830671326,0.0,0.0,0.028091792413438586,0.0,0.0,0.0,0.12899628201611987
373.0,0.0,0.0,0.0,0.08151231123796975,0.14202401453593955,0.0,0.0,0.0,0.0,0.13756066565139152
377.0,0.0,3.650531572643438,1.2146379658701631,0.05578805302464395,0.0,0.0,0.0,0.0,0.0,0.0
378.0,0.2714553378431672,0.08175820982242976,2.4367187814379254,0.0,0.0,0.0,0.4569593957145916,0.0,0.0,0.03937719690754296
380.0,0.0,0.0,0.0,0.33223975039320497,0.06020394114944459,0.0,0.0,0.0,0.0,0.0
381.0,0.0,0.25904253511796943,0.01124188734511427,0.0,0.22616238709849382,0.0,0.044466456483378006,0.0782105868916877,0.0,0.0
383.0,0.0,0.0,1.1988261019167847,0.0,0.0,0.06906849638884599,2.4596826882756964,0.0,0.0,2.4892047101106933
384.0,0.0,0.0,0.0,0.0,0.0,0.003975116436193359,0.0,0.0,0.3797875847988742,0.0
385.0,0.0,0.0,0.0,0.0,0.0,0.0035776047925740245,0.0,0.0,0.3418088263189868,0.0
386.0,0.0,0.0,0.0,0.0,0.015483251171881708,0.001302992983431894,0.05661174571914507,0.058252040127459076,0.3970824656829656,0.0
387.0,0.0,0.0,0.0,0.0,0.0,0.003975116436193359,0.0,0.0,0.3797875847988742,0.0
388.0,0.0,0.0,0.0,0.060107266347336874,0.0,0.0,0.0,0.0,0.8034109869359634,0.0
389.0,0.0,0.0,0.0,0.0,0.0,0.0019875582180966796,0.0,0.0,0.1898937923994371,0.0
390.0,0.0,0.0,0.0,0.0,0.0,0.0007950232872386724,0.0,0.0,0.07595751695977485,0.0
391.0,0.0,0.0,0.20322800288678072,0.5840960608063985,0.0,0.017125994997595907,0.12906658463325302,0.14477562579814188,0.0,0.0
392.0,0.8684789875213952,0.0,1.6452924181964095,0.0,0.0,0.0,0.0,0.0,0.0035761797802336295,0.7503282100513942
393.0,0.03347101988325127,0.0,1.286674781504826,0.5235100914438584,0.12176174641287713,0.0,0.015483687085936332,0.09571062312027331,0.05922548411218181,0.0
394.0,0.0,0.0,0.0,0.0,0.0,0.0,0.029349002575239275,0.0,0.1647056676296187,0.0
395.0,0.0,0.0,0.0,0.0,0.0,0.0,0.025680377253334368,0.0,0.14411745917591634,0.0
396.0,0.0,0.0,0.0,0.0,0.15540788364694338,0.0,0.06729605244106783,0.007907907608571818,0.44629393598388994,0.0
397.0,0.0,0.0,0.0,0.0,0.0,0.0,0.03668625321904909,0.0,0.20588208453702336,0.0
398.0,0.0,0.0,0.18260708181816995,0.0,0.4641906562920891,0.0,2.1177108568344294,0.12532935874961873,1.3856046320785984,0.040150322527597385
399.0,0.0,0.0,1.494978155647469,0.0,0.0,0.0,0.0,0.0,0.1473429750281199,0.0
400.0,0.0,0.0,1.494978155647469,0.0,0.0,0.0,0.0,0.0,0.1473429750281199,0.0
401.0,0.0,0.0,1.046484708953228,0.0,0.0,0.0,0.0,0.0,0.10314008251968394,0.0
402.0,0.0,0.0,0.5979912622589876,0.0,0.0,0.0,0.0,0.0,0.05893719001124797,0.0
403.0,0.0,0.0,1.4046892267824236,0.0,0.0,0.0,0.0,0.0,0.14526783624582673,0.0
404.0,0.0,0.0,0.4232780629186475,0.0,0.0,0.0,0.0,0.0,0.0,0.5077323386079866
405.0,0.0,0.0,1.6436442017381891,0.18561614928947515,0.0,0.0,0.0,1.8449046685001664,0.5187428219208677,0.0
406.0,0.0,0.0,1.4687618952339416,0.0,0.27699703107712675,0.0,0.0,0.0,0.11779557964388784,0.0
407.0,0.0,0.0,0.0,0.04999272222912127,0.0,0.0,0.0,0.0,0.011071272397142898,0.0
408.0,0.0,0.0,0.03349449278135771,0.9192946942631707,0.22140923520457886,0.054083592422936685,0.0,0.0,0.0977868773602464,0.21882395589630174
409.0,0.0,0.0,0.0,0.04443797531477446,0.0,0.0,0.0,0.0,0.009841131019682576,0.0
410.0,0.0,0.0,0.0,0.011109493828693615,0.0,0.0,0.0,0.0,0.002460282754920644,0.0
411.0,0.0,0.0,0.0,0.02221898765738723,0.0,0.0,0.0,0.0,0.004920565509841288,0.0
412.0,0.0,0.0,0.0,0.026696994549719886,0.0,0.04009399474439433,0.0,0.0,0.04242124967921803,0.0
413.0,0.0,0.0,0.0,0.05554746914346807,0.0,0.0,0.0,0.0,0.012301413774603222,0.0
414.0,0.0031512124256324746,0.0,0.0,0.034436689993886424,0.0,0.0,0.0,0.0,0.0,0.0
415.0,0.0031512124256324746,0.0,0.0,0.034436689993886424,0.0,0.0,0.0,0.0,0.0,0.0
416.0,0.0,0.0,0.0,0.15978957118811743,0.0,0.0,0.0,0.0,0.0,0.0
417.0,0.0,0.0,0.0,1.8510675866835216,0.0,0.0,0.0,0.0,0.3463366823960904,0.02426021916244522
418.0,0.918889113823999,0.0,0.0,0.05495258345546252,0.0,0.0,0.0,0.0,0.5468110021196767,0.0
419.0,0.0,0.0,0.0,0.0,0.0,0.0,0.0121501092223952,0.0,0.26212803053657835,0.0
420.0,0.0,0.0,0.0,0.0,0.0,0.0,0.007290065533437118,0.0,0.15727681832194704,0.0
421.0,0.0,0.23425137177003988,0.0,0.0,0.017098093642157045,0.0,0.07473326693458328,0.0,0.25050851406671215,0.0016543272745277152
422.0,0.0,0.0,0.0,0.0,0.0,0.0,0.0121501092223952,0.0,0.26212803053657835,0.0
423.0,0.0,0.0,0.0,0.0,0.0,0.0,0.010935098300155679,0.0,0.23591522748292051,0.0
424.0,0.0,0.0,0.0,0.0,0.0,0.0,0.008937892020270883,0.0,0.2089123322203155,0.005819549839840963
425.0,0.0,0.0,0.0,0.0,0.0,0.0,0.0121501092223952,0.0,0.26212803053657835,0.0
426.0,0.0,0.0,0.0,0.0,0.0,0.0,0.0,0.0,0.20158232655142763,0.24927310067930525
427.0,0.0,0.0,2.103479557490266,4.199898150435336,0.1371856189380824,0.0,1.709917790493822,0.0,1.0669935969291073,0.05572525529436523
438.0,0.0,0.0,0.0,0.0,0.0,0.0,0.00037025351394018936,0.0023932848728130743,0.11754878583040028,0.0
442.0,3.2509072528589344,0.0,0.0,0.0,0.0,1.8969165299054223,2.2118134651269696,0.0,4.46432444081291,0.0
446.0,0.0,0.09609042953667009,0.0,0.0,0.005511415536454668,0.0,0.0,0.0,0.2205714575748962,0.05196570939162539
447.0,0.0,0.19218085907334018,0.0,0.0,0.011022831072909337,0.0,0.0,0.0,0.4411429151497924,0.10393141878325078
448.0,0.48382378523415626,0.441183483730998,0.0,0.0,0.0,0.08505814621263759,0.0,0.0,0.9167993529570028,0.08751838804930465
449.0,0.0,0.04127104870825797,3.4107979764088303,0.0,0.0,0.0,0.4388420485057094,0.0,0.7773482366112912,0.0
450.0,0.0,0.05765425772200205,0.0,0.0,0.0033068493218728007,0.0,0.0,0.0,0.13234287454493776,0.031179425634975232
451.0,0.0,0.18477294653219187,0.0,0.0,0.17448870697973573,0.0,0.0,0.0,0.424344654976884,0.09573169234024678
452.0,0.0,0.17296277316600614,0.0,0.0,0.009920547965618396,0.0,0.0,0.0,0.3970286236348132,0.09353827690492571
453.0,0.9608334565423866,2.473922446401161,0.3252378892879668,0.4908550047651757,0.0,0.033699269651775283,1.2242727282595844,0.14693001527357297,0.9640706856934246,0.0
454.0,0.0,0.0,4.024254925708187,0.0,2.7755334827371483,0.0,0.28865008722020874,0.0,2.8377914118316756,0.0
455.0,0.0,0.0,0.0,0.571528759485228,0.0,0.0,0.024429197544432377,0.0,0.12591683447478427,0.0
456.0,0.0,0.0,0.0,0.571528759485228,0.0,0.0,0.024429197544432377,0.0,0.12591683447478427,0.0
457.0,0.0,0.0,0.0,0.24203193048686064,0.0,0.0,2.4130003090770904,1.9117933149301163,0.0,0.0
458.0,0.0,0.0,0.0,0.571528759485228,0.0,0.0,0.024429197544432377,0.0,0.12591683447478427,0.0
459.0,0.0,0.0,0.0,0.571528759485228,0.0,0.0,0.024429197544432377,0.0,0.12591683447478427,0.0
460.0,0.0,0.0,0.0,0.8988604138737659,1.3170333799112763,0.0,2.5378699206560054,0.0,0.0,0.0
461.0,0.0,0.0,0.0,0.571528759485228,0.0,0.0,0.024429197544432377,0.0,0.12591683447478427,0.0
462.0,0.0,0.0,0.0,0.06589264599259026,0.0,0.14342326437158656,0.09261377088786053,0.0,0.0,0.28102746026408953
463.0,0.0,0.0,0.0,0.013032128083370769,0.0,0.12786382438742658,2.3093128104580063,0.0,0.0,0.18848802710343368
464.0,0.0,0.0,0.0,0.0,0.0,0.060964908821197865,0.12440580073030949,0.0,0.028681845039390894,0.07391685461397891
465.0,0.0,0.0,1.5996047526455799,0.0,0.0,0.1102569837099269,0.5036575896701915,0.0,0.0,0.9586781257738493
466.0,0.0,0.0,0.0,0.0,0.0,0.05486841793907807,0.11196522065727853,0.0,0.0258136605354518,0.06652516915258104
467.0,0.0,3.1082421382057612,0.0,0.0,0.0,1.8599719206870085,2.6659288184048804,0.0,0.0,0.7077183149091935
468.0,0.0,0.0,0.0,0.0,0.0,0.060964908821197865,0.12440580073030949,0.0,0.028681845039390894,0.07391685461397891
469.0,0.7693850742721465,0.0,0.46129086611899706,0.176526867244555,0.08930036204831844,0.1105863314828674,0.17624193002825125,0.14321507774591155,0.04813540427859753,0.0
470.0,4.683226393168211,0.0,0.0,0.5379879113918138,0.0030982964685759133,0.0,2.2349816096542603,0.0,0.0,0.022756188645111138
471.0,0.7506997398129391,0.0,1.2082492058436407,0.0,1.437258894109165,0.0819487003317865,0.0,0.010476648372797865,0.2095089192502459,0.0
473.0,0.0,0.0,0.0,0.0,1.8256690172359393,0.011701403038955241,0.0,0.0,0.638428788001373,0.49418671915808887
474.0,8.299801893629413,0.683444220802771,0.13821876658885257,3.1895787861220786,0.0,0.05388171606931628,0.19302924599472826,0.16443571313098812,2.469977359355371,0.0
475.0,4.309553356213697,0.0,0.0,0.0,0.0,0.0,0.0,0.0,0.0,0.0
477.0,5.743361743144716,0.5542996545176023,0.0,0.0,0.0,1.9898018664805908,1.6581164492493714,0.0,3.8805690157418744,0.0
478.0,0.0,0.0,0.0,0.0,0.0,0.0,0.0009284520001873862,0.005527550251441922,0.26095932179603337,0.0
479.0,0.0,0.0,0.0,0.0,0.0,0.0027608406713460778,0.05689074430677864,0.0,0.9287115981286622,0.0
480.0,0.0,0.0,0.0,0.0,0.0,0.0,0.0010316133335415397,0.006141722501602135,0.2899548019955927,0.0
481.0,0.0,0.0,0.0,0.0,0.0,0.0,0.0009284520001873862,0.005527550251441922,0.26095932179603337,0.0
482.0,0.0,0.0,0.0,0.0,0.0,0.0,0.04998674224816271,0.04436417282961951,0.2816704558638772,0.06200639499065873
483.0,0.0,0.0,0.0,0.0,0.0,0.0,0.0003094840000624626,0.0018425167504806405,0.08698644059867779,0.0
484.0,0.0,0.0,0.0,0.0,0.0,0.0,0.0009284520001873862,0.005527550251441922,0.26095932179603337,0.0
485.0,0.0,0.05081808791519869,0.0,0.24016976914719287,0.06210161988076958,0.0,0.009152762183176767,0.002514178908982477,0.48199352581011073,0.012729702890853943
486.0,0.0,0.0,0.0,0.0,0.0,0.03070028790594735,0.0,0.0,0.020849632790129715,0.0
487.0,0.0,0.0,0.0,0.0,0.0,0.02157491387329211,0.051789664034029896,0.0,0.7950597908594431,0.0
488.0,0.0,0.0,0.0,0.0,0.0,0.046050431858921034,0.0,0.0,0.031274449185194564,0.0
489.0,0.0,0.0,0.0,0.0,0.0,0.05116714650991226,0.0,0.0,0.03474938798354952,0.0
490.0,0.0,0.0,0.0,0.0,0.0,0.0204668586039649,0.0,0.0,0.013899755193419811,0.0
491.0,0.0,0.0,0.0,0.0,0.0,0.05116714650991226,0.0,0.0,0.03474938798354952,0.0
492.0,0.0,0.0,0.0,0.0,0.0,0.03070028790594735,0.0,0.0,0.020849632790129715,0.0
493.0,0.0,0.0,0.0,0.0,0.0,0.05116714650991226,0.0,0.0,0.03474938798354952,0.0
494.0,0.0,0.0,1.0091463197341815,0.0,0.0,0.0,0.0,0.01633585682075102,0.0,0.014582645735652997
495.0,0.0,0.0,1.222514274303225,0.0,0.0,0.011548843857745393,0.0,0.0,0.0,0.11105394665794403
496.0,0.0,0.0,0.5045731598670907,0.0,0.0,0.0,0.0,0.00816792841037551,0.0,0.007291322867826498
497.0,0.0,0.0,0.6054877918405088,0.0,0.0,0.0,0.0,0.009801514092450612,0.0,0.008749587441391805
498.0,0.0,0.7565709252521441,2.945444393098895,0.07692150426784608,0.0,0.13314749576459706,0.47420368969382015,0.07301361860225557,0.0,0.029373937230536527
499.0,0.0,0.0,0.9082316877607634,0.0,0.0,0.0,0.0,0.014702271138675917,0.0,0.0131243811620877
500.0,0.6192853346911377,0.0,7.388271759689108,0.29140393914027024,0.0,0.0,0.32528906983007727,0.08321290827646959,0.6254589154713577,0.0
501.0,0.08533836849200904,0.0,0.5009591415440544,0.0,0.0,0.0,0.0,0.0,0.05032681825079212,0.0
502.0,0.07680453164280814,0.0,0.45086322738964896,0.0,0.0,0.0,0.0,0.0,0.04529413642571291,0.0
503.0,0.08533836849200904,0.0,0.5009591415440544,0.0,0.0,0.0,0.0,0.0,0.05032681825079212,0.0
504.0,0.18323381521991966,0.5045150429683413,0.48768037447057894,0.17059354237848323,0.0,0.14038794788830747,0.0017786242913240867,0.06439863185664166,0.0,0.0
505.0,0.08533836849200904,0.0,0.5009591415440544,0.0,0.0,0.0,0.0,0.0,0.05032681825079212,0.0
506.0,0.038465043205484696,0.3488269544757515,0.46732073820362086,0.0,0.08685213968302571,0.0,0.07867748916168578,0.30479389954833525,0.019708231031186428,0.0
507.0,0.08533836849200904,0.0,0.5009591415440544,0.0,0.0,0.0,0.0,0.0,0.05032681825079212,0.0
508.0,0.15033056257010427,0.0,0.0,0.14575984687038046,0.0,0.0,0.0,0.0,0.0,0.0
509.0,0.09019833754206258,0.0,0.0,0.08745590812222828,0.0,0.0,0.0,0.0,0.0,0.0
510.0,0.0,0.0,0.0,0.0,0.0,0.00710973560776055,0.0,1.9770272100238127,1.5983620926458246,0.029850193612774294
511.0,0.10523139379907301,0.0,0.0,0.10203189280926632,0.0,0.0,0.0,0.0,0.0,0.0
517.0,0.0,0.0,0.009101635292632219,0.7786813722873562,0.04265158307036636,0.0,0.04760588306377995,0.054142572695912765,0.0,0.05586202567265822
519.0,4.309553356213697,0.0,0.0,0.0,0.0,0.0,0.0,0.0,0.0,0.0
522.0,0.0,0.0,0.09770213777218316,0.03556747690377815,0.03400277531359332,0.0,0.06456170775263641,0.041112976609712935,0.0,0.09864697651407149
526.0,0.0,0.0,0.0,0.0,0.0,0.0,0.1349485156285616,0.0,0.0,0.1677282332149012
527.0,0.0,0.0024204559501754966,0.0,1.623413299307513,0.0,0.0,0.0064288966514554,0.0,0.0,0.2060526142608347
528.0,0.0,0.0,0.0,0.0,0.0,0.0,0.09048472012045532,0.0,0.0,0.5071349143679513
529.0,0.0,0.0,0.0,0.0,0.027007256573447595,0.0,0.01230366447636546,0.0,0.05207345469627618,0.012355456188459384
530.0,0.0,0.0,0.0,0.0,0.0,0.0,0.026989703125712323,0.0,0.0,0.033545646642980244
531.0,0.0,0.0,0.0,0.0,0.0,0.0,0.1349485156285616,0.0,0.0,0.1677282332149012
532.0,0.0,0.0,0.0,0.0,0.0,0.0,0.04048455468856849,0.0,0.0,0.05031846996447036
533.0,0.0,0.0,0.0,0.0,0.0,0.0,0.1349485156285616,0.0,0.0,0.1677282332149012
536.0,0.08427414875782799,0.0,2.8943510651956927,0.0501523223979542,0.0,0.0,0.0,0.0,0.0,0.0
537.0,0.03549151272413344,0.0,0.0,0.002714556690044804,0.0,0.0,0.0,0.1414158919877546,0.0,0.0
540.0,0.0,0.0,0.0,0.0,0.0,0.0,0.0,0.0,0.37884460880632614,0.0
541.0,0.0,0.0,0.0,0.0,0.0,0.0,0.0,0.0,0.37884460880632614,0.0
542.0,0.0,0.0,0.0,0.0,0.0,0.0,0.0,0.0,0.34096014792569357,0.0
543.0,0.0,0.0,0.0,0.0,0.0,0.0,0.0,0.0,1.0164320145466466,0.0
544.0,0.0,0.0,0.0,0.0,0.0,0.0,0.0,0.0,0.34096014792569357,0.0
545.0,0.0,0.0,0.0,0.0,0.0,0.0,0.001492449972891288,0.0,0.3414589378030971,0.0
546.0,0.0,0.0,0.0,0.0,0.0,0.0,0.0,0.0,0.34096014792569357,0.0
547.0,0.0,0.0,0.0,0.2651919848452967,0.0,0.0,0.0,0.0,0.5095823994524736,0.0
548.0,0.0,0.02625226470424332,0.0,0.0,0.0,0.0,0.0,0.0,0.1136409860481823,0.011192386093989865
549.0,0.0,0.07875679411272996,0.0,0.0,0.0,0.0,0.0,0.0,0.3409229581445469,0.0335771582819696
550.0,0.0,3.889654102072693,0.0,0.0,0.0,1.706009556457851,0.0,0.0,0.35927968547710754,0.40188392263027
551.0,0.0,0.0,0.0,0.0,0.0,0.0,0.0,0.0,0.15432181553653584,0.28250654581601187
552.0,0.09936861241295565,0.4057572485191782,0.0,0.0,0.0,0.021323402541206328,0.0,0.12435647236876701,2.1081671586871984,0.10597246942597591
553.0,0.0,0.0,1.2426045289606111,0.525936256251937,0.0,0.0755214452894233,0.051277935267113155,0.11803078270594462,0.0,0.7564791100678898
554.0,0.0,0.0,0.0,0.6919183708572699,0.09460854370327419,0.0,0.0,0.0,0.04727132083357895,0.1490443009978328
555.0,0.0,0.01627826535608137,0.0,0.8604810688558827,0.0,0.0,0.0,0.05780764437338936,0.6894264551474663,0.0
557.0,2.804624638503689,0.0,0.0,0.0,0.0,0.0,0.0,2.1965539786712456,0.0,0.0
559.0,0.0,0.0,0.6512151415529327,0.0,0.0,1.7414309571214281,1.8167886545047403,2.1375053160478137,0.0,0.0
563.0,0.0,0.0,0.0,0.4254642712579913,0.0,0.06148821032717707,0.0,0.0,0.0,0.0
564.0,0.0,0.0,1.252088174298114,1.6820858899760098,0.7749196892823997,0.0,0.43994192230726936,0.0,0.4072623372196892,0.0
566.0,0.0,0.0339923054571486,0.0,0.0,0.0,0.0,0.0,0.0,0.28523217190261446,0.0
567.0,0.0,0.4289837425876083,1.3421073427481398,0.0,0.20780107235275316,0.0,0.5053599140214133,0.053475298293403445,0.0,0.0
568.0,0.0,0.2914228520077156,0.012647123263253547,0.0,0.25443268548580555,0.0,0.05002476354380026,0.08798691025314863,0.0,0.0
569.0,0.0,3.8678380807762847,0.0,0.0,0.251355763750653,0.0,0.0,0.04052805275771382,0.2071587843901604,0.0
570.0,0.0,0.23711075146945143,0.0,0.0,0.2564866976802494,0.0,1.7726753189007498,0.05978861569985769,0.0,0.0
571.0,0.0,0.2914228520077156,0.012647123263253547,0.0,0.25443268548580555,0.0,0.05002476354380026,0.08798691025314863,0.0,0.0
572.0,0.0,0.16017948526077458,1.7878103413282957,0.00395918969765959,1.412724571717129,0.024919416448314972,0.0,0.04036428180559827,0.08767079317396424,0.06412107013685658
573.0,0.0,0.0,0.018907238760127516,0.08171374956891439,0.0,0.0,0.0,0.0,0.0,0.019116150268562143
574.0,0.0,0.0,0.014705630146765847,0.06355513855360008,0.0,0.0,0.0,0.0,0.0,0.014868116875548332
575.0,0.0,0.0,0.006302412920042506,0.027237916522971466,0.0,0.0,0.0,0.0,0.0,0.0063720500895207135
576.0,0.0,0.0,0.014705630146765847,0.06355513855360008,0.0,0.0,0.0,0.0,0.0,0.014868116875548332
577.0,0.0,0.0,0.021008043066808355,0.09079305507657154,0.0,0.0,0.0,0.0,0.0,0.021240166965069043
578.0,0.0,0.0,0.021008043066808355,0.09079305507657154,0.0,0.0,0.0,0.0,0.0,0.021240166965069043
579.0,0.08616016364038152,0.0,0.0,0.013019128717433694,0.0,0.0,0.0,0.0,0.28959411507299465,0.008828757426949921
580.0,0.0,0.0,0.021008043066808355,0.09079305507657154,0.0,0.0,0.0,0.0,0.0,0.021240166965069043
581.0,0.0,0.0,0.0,0.0,0.05578038954736177,0.0,0.0,0.074645213504364,0.0036581031782332556,0.0
582.0,0.0,0.0,0.03547638279659559,0.0005305346994702516,0.04191006031201082,0.0,0.04230666502722063,0.11298626356062154,0.022899769353500812,0.0716127333753585
583.0,0.0,0.0,0.0,0.0,0.05578038954736177,0.0,0.0,0.074645213504364,0.0036581031782332556,0.0
584.0,0.0,0.0,2.0016825071528954,0.0,1.7224538754728527,0.0,0.0,0.002364523309558962,0.0,0.0
585.0,0.0,0.0,0.0,0.0,0.05578038954736177,0.0,0.0,0.074645213504364,0.0036581031782332556,0.0
586.0,0.0,0.0,0.0,0.0,0.05578038954736177,0.0,0.0,0.074645213504364,0.0036581031782332556,0.0
587.0,0.0,0.0,0.0,0.0,0.05578038954736177,0.0,0.0,0.074645213504364,0.0036581031782332556,0.0
588.0,0.0,0.0,0.0,0.0,0.18157707556870673,0.0,0.0,0.047561262703831694,0.2602093589882561,0.10516148774376087
589.0,0.0,0.0,0.0,0.0,0.05578038954736177,0.0,0.0,0.074645213504364,0.0036581031782332556,0.0
590.0,0.2953421729558244,0.6219172980379558,1.0928947223732282,0.1268351155765144,0.32789694350127485,0.21111335655874647,0.0,0.1026530933701301,0.0,0.0
593.0,0.0,3.227526193737958,1.6554559012374432,0.0,1.78020800174462,0.013774089210769535,0.0,0.0,0.0,0.0
594.0,0.0,0.13557650693843148,0.798907466514677,0.0,0.081202198820095,0.003010662965262638,0.0,0.16758893075634576,0.21530523895646564,0.00814707414366008
595.0,0.16761970642252352,0.0,0.0,1.0578728931890562,0.12655239208079164,0.0,0.04117058450584681,0.032570507115516935,0.023212234757678685,0.0
596.0,0.0,0.0,0.0,0.6008436451102817,0.0,0.0,0.030600868154673607,2.4260208983020144,0.2624361043917797,0.0
597.0,0.0,0.0,0.0,0.05159740604784135,0.0,0.0,2.438013362422295,0.003911204918166555,0.23275686237614118,0.0
598.0,0.0,0.0,0.0,0.19305004665079087,0.0,0.0,0.0,0.09516908920353487,0.44973844515608674,0.0
599.0,0.0,0.0,0.0,0.19305004665079087,0.0,0.0,0.0,0.09516908920353487,0.44973844515608674,0.0
600.0,0.5675378121839999,0.0,0.0,0.0,0.0,0.007251594994292431,0.23897395652288844,0.0973123863841145,0.0,0.026548380862776007
601.0,0.3043501840080175,0.0,0.0,0.0,0.0,1.791442646488511,0.18283500717456383,0.051455232091063965,0.0,0.0
602.0,0.8012566227944554,0.016907801850548503,1.1899574866142706,0.0,0.0,0.0018780012565899845,0.1473974734431257,0.06506112413126433,0.0,0.0
603.0,0.5474434084709856,0.24098621192621322,0.0,0.0,0.02705325299308567,0.0004930417584518841,0.3065313217293942,0.08993846114971658,0.0,0.04557924228219723
604.0,0.4540302497471999,0.0,0.0,0.0,0.0,0.005801275995433944,0.1911791652183108,0.0778499091072916,0.0,0.021238704690220798
605.0,0.32352918829448113,0.0,0.8280166985593913,0.0,0.0,0.0,0.023179379326589814,0.013856522764068438,0.0,0.005935650452696913
606.0,0.17026134365519996,0.0,0.0,0.0,0.0,0.002175478498287728,0.07169218695686655,0.02919371591523435,0.0,0.007964514258832801
607.0,0.3405226873103999,0.0,0.0,0.0,0.0,0.004350956996575456,0.1433843739137331,0.0583874318304687,0.0,0.015929028517665603
608.0,0.0,0.0,0.0,0.0,0.0,0.0,2.4464463764310516,0.0,0.0,0.0
610.0,0.0,0.0,0.0,0.0,0.0,0.0,0.0,2.1998376653923213,0.0,0.0
611.0,4.309553356213697,0.0,0.0,0.0,0.0,0.0,0.0,0.0,0.0,0.0
612.0,0.0,0.10338712373398874,1.0286632621526894,0.0,0.0,0.0,0.3528439916826931,0.0,0.0,0.0
615.0,0.0,0.0,1.2938866984219661,0.10388459820717243,0.0,0.0,0.0,0.0,0.0721068154993038,0.0
616.0,1.1884447096804225,0.0,1.569222056897006,0.0,0.0,1.760731924708565,2.5854312773711032,0.0,0.0,0.0
618.0,0.3609656813190912,0.1299649465152597,0.0,0.0,0.0,0.062292313102279784,0.0,0.0,0.48748439559574663,0.0
619.0,0.4373572379307034,0.3515787247189933,0.0,0.0,0.0,0.07944040402024495,0.0,0.0,0.7234250080360193,0.057935470884314035
620.0,0.43542679447201366,0.1835655446420546,0.452211261940199,0.49536527109527917,0.0,0.15607042587895592,0.04777293799466898,0.09376844988702235,0.40257516672821575,0.0
621.0,0.5486070440993758,0.24964232991666266,5.162758388063693,0.9224795132970454,0.19328620684263728,0.28594587842865626,0.0,0.1632589011174452,0.0,0.7274210137967271
623.0,0.0,0.003399230545714859,0.0,0.0,0.0,0.0,0.0,0.0,0.028523217190261452,0.0
624.0,0.0,0.017397953631626304,0.0,0.40500227067978456,0.0,0.0,0.0,0.0,0.1958193519294177,0.0
625.0,0.0,0.16087216614168467,0.0,0.4847251292981112,0.0,0.0,0.0,0.0,0.20182668697057002,0.3814628374297834
626.0,0.0,0.006798461091429718,0.0,0.0,0.0,0.0,0.0,0.0,0.057046434380522905,0.0
627.0,0.0,0.013596922182859437,0.0,0.0,0.0,0.0,0.0,0.0,0.11409286876104581,0.0
628.0,0.0,3.3930817003608906,0.0,0.0,0.0,0.0,0.0,0.0,0.1689007312712741,0.0
630.0,0.0,0.0,0.0,0.0599479630886486,0.26115266022716804,0.0,0.0,0.0,0.7494482969940448,0.0
632.0,0.0,0.0050605843039364905,0.17186979269135472,0.0059648978770743015,0.0,0.0,0.032445351680817594,0.02561098378604171,0.0052492285074551386,0.04720514303333108
635.0,0.0,0.423246278327408,0.0,2.0140747349534327,0.0,0.12724080301563293,0.08249934679252034,2.378882003524938,0.7479509572731502,0.0
640.0,0.0,0.047912791489722766,0.0,0.0,1.4541150161167564,0.0,2.2609946709821087,0.0,0.0,0.0
643.0,0.06919402517777144,0.0,0.0,0.07699415280277597,0.0,0.0,0.9737912040402313,0.0,0.027146893031964558,0.0066496308913740025
644.0,0.0,0.0,0.0,0.0,0.052553945825147615,0.0,0.0,0.04990942584961707,0.24616181699573872,0.008403225626178493
645.0,0.0,0.0,0.0,0.0,0.05839327313905291,0.0,0.0,0.05545491761068563,0.27351312999526517,0.009336917362420545
646.0,0.0,0.0,0.0,0.0,0.05839327313905291,0.0,0.0,0.05545491761068563,0.27351312999526517,0.009336917362420545
647.0,0.0,0.0,0.0,0.0,0.023357309255621163,0.0,0.0,0.02218196704427425,0.10940525199810609,0.0037347669449682174
648.0,0.0,0.015596020155891935,0.0,0.0,0.0,0.0,0.0,0.0,0.15082350221317734,0.020649557866249408
649.0,0.0,0.02599336692648656,0.0,0.0,0.0,0.0,0.0,0.0,0.25137250368862885,0.03441592977708234
650.0,0.0,0.010397346770594621,0.0,0.0,0.0,0.0,0.0,0.0,0.10054900147545155,0.013766371910832936
651.0,0.0,0.020794693541189242,0.0,0.0,0.0,0.0,0.0,0.0,0.2010980029509031,0.027532743821665873
652.0,0.0,0.0233940302338379,0.0,0.0,0.0,0.0,0.0,0.0,0.22623525331976596,0.030974336799374117
653.0,0.0,0.02599336692648656,0.0,0.0,0.0,0.0,0.0,0.0,0.25137250368862885,0.03441592977708234
654.0,0.08353262653618816,0.007156024029317037,0.07544311315541583,0.0,0.0,0.04034321103001483,0.0,0.0017783397006331352,0.1387637778114063,0.015373101763318438
655.0,0.0,0.01299668346324328,0.0,0.0,0.0,0.0,0.0,0.0,0.12568625184431442,0.01720796488854117
656.0,0.0,0.0,0.0,0.0,0.07392842877400418,0.0,0.0,0.0,0.5287326970264378,0.04496811989880973
657.0,0.979111279978064,0.32278196913436447,0.0,0.0,0.10766259862474145,0.09116790307713514,0.0,0.0,1.4677407001499994,0.08581555997519454
658.0,0.0,0.0,0.0,0.0,0.010810735702870528,0.0,0.0,0.021103545497403006,0.7666138201016662,0.04236025791478068
659.0,3.7812712068761978,0.36750566965178133,0.8084094555316298,0.0,1.1428510730161743,0.0,0.0,0.0,0.25281545458466964,0.0779748124709963
660.0,0.0,0.0,0.0,0.0,0.0,0.0,0.0,0.0,0.19953011355212766,0.051901893681698376
661.0,0.0,0.0,0.0,0.0,0.0,0.0,0.0,0.0,0.19953011355212766,0.051901893681698376
662.0,0.0,0.0,0.0,0.0,0.0,0.0,0.0,0.0,0.22447137774614365,0.05838963039191066
663.0,0.022390122126840797,0.0,0.20210735443093344,0.3214826529237436,0.0,1.8593106605075853,2.567976007751126,0.2010122478182791,0.34575656291478873,1.1068310754676778
664.0,0.0,0.0,0.5372662098402794,0.0,0.0,0.01685507544806315,0.0,0.0,0.0,0.07739776920967194
665.0,0.0,0.0,3.395211087625725,0.0,0.0,0.04371215583437727,0.0,0.0,0.0,0.02890703460206388
666.0,0.0,0.0,0.19661173877680346,0.0,0.0,0.0,0.0,0.0,0.0,0.23862647945098073
668.0,0.0,0.0,1.2540209495308712,0.07976782634705634,0.0,0.0,0.0,0.0022328269806851427,1.7246567645201345,0.0
669.0,0.0,0.0,0.0,0.09403710942685753,0.0,0.0,0.0,0.0,0.748856776410817,0.0
670.0,0.006257181314905749,0.0,0.0,0.04171180297569138,0.0,0.0,0.0,0.0,0.6069238000397065,0.0
671.0,0.06247551258642229,0.0,0.0,0.059322707241279284,0.01092635176275956,0.0,0.0,0.0,0.4735119388471368,0.0
672.0,0.027766894482854333,0.0,0.0,0.02636564766279078,0.004856156339004238,0.0,0.0,0.0,0.21044975059872748,0.0
673.0,0.055533788965708666,0.0,0.0,0.05273129532558156,0.009712312678008476,0.0,0.0,0.0,0.42089950119745495,0.0
674.0,0.0,0.0,0.08042135554216594,0.3353945101920748,0.0,0.003890981577356597,0.06225538481693435,0.06759068776378978,0.08146128279254779,0.0
675.0,0.20490302585137757,0.0,0.0,0.0,0.15645838210492818,0.0,0.0,0.0,0.19904881420435716,0.0002876297096956367
677.0,0.04761176547571404,0.3055588867378782,0.18365667493674726,0.0,0.2665629486051678,0.0,0.1134614776310888,0.09011350189917376,0.0,0.0
679.0,4.633001709156613,0.0,0.6421670219279517,0.0,0.0,0.0,0.010734935857384982,0.0,0.0,0.0
681.0,0.0,0.0,0.0,0.06107624254434646,0.0,0.05621877372713444,0.0,0.0,0.0,0.1420793044742188
682.0,1.792795706055551,4.186166170249553,0.0,0.0,0.0,1.6516084773871231,0.0,0.0,0.209907159015887,0.0
683.0,0.5606533655510895,0.2405148316670488,0.0,0.0,0.0,0.11262375455770092,0.0,0.0,0.46448094590704586,0.0
686.0,0.0,3.3202975655088993,0.0,0.4060766416553285,0.008827888464868781,0.0,0.0,0.0,0.0,0.0
688.0,0.0,0.0,0.002721092445592988,0.0,0.0,0.0,0.0,0.0,0.35408241375363797,0.0
691.0,0.0,0.0,0.0,0.6319580056664952,0.08233170893044901,0.0,0.0,0.0,0.0,0.10134032053532645
693.0,0.0,0.0339923054571486,0.0,0.0,0.0,0.0,0.0,0.0,0.28523217190261446,0.0
694.0,0.0,0.0,0.0,1.3878104840703531,0.0,0.0,0.0,0.0,2.003503888127169,0.0
696.0,0.0,0.0,0.0,0.0,0.0,0.0,0.0,0.0026920220715777113,0.9741419871774692,0.0
697.0,0.0,0.0,0.0,0.5207935557071844,0.0,0.0,0.020136644439602676,0.0,0.33777055126613825,0.0
698.0,0.0,0.0,0.0,0.0,0.0,0.0,1.463558194026649,0.0,0.48539118380625834,0.0
699.0,0.2640962408712148,0.0,0.09620043254969836,0.06614920245487459,0.0,0.02723647548922726,0.0,0.025764034154093063,0.0,0.10305765467887992
700.0,0.0,0.0,0.004897966402067346,0.0,0.0,0.0,0.0,0.0,0.6373483447565484,0.0
701.0,0.0,0.0,0.0,0.0,0.0,0.0,0.0,0.06422743002780561,0.009448584699069135,0.0
702.0,0.0,0.0,0.0037315280881310385,0.2790662954964652,0.0,0.0,0.0,0.027294550814556166,0.0,0.0
703.0,0.0,0.0,0.0,0.0,0.0,0.0,0.0,0.06422743002780561,0.009448584699069135,0.0
704.0,0.0,0.0,0.0,0.0,0.0,0.0,0.0,0.04995466779940436,0.007348899210387107,0.0
705.0,0.0,0.0,0.0,0.0,0.0,0.0,0.0,0.05709104891360498,0.00839874195472812,0.0
706.0,0.0,0.0,0.0,0.0,0.0,0.0,0.0,0.04995466779940436,0.007348899210387107,0.0
707.0,0.0,0.0,0.0,0.0,0.05313471810241403,0.0,0.0,0.13893592163955618,0.013398517489713754,0.0
708.0,0.0,0.0,0.0,0.1271372757013541,0.0,0.0,0.0,2.438152789485005,0.44879438865417487,0.0
709.0,0.0,0.0,0.0,0.0,0.05313471810241403,0.0,0.0,0.1389359216395562,0.013398517489713754,0.0
710.0,0.09665772090167923,0.0,0.0,0.0,0.0,0.0,0.0,0.0,0.0,0.2601392209557289
711.0,0.09665772090167923,0.0,0.0,0.0,0.0,0.0,0.0,0.0,0.0,0.2601392209557289
712.0,0.09665772090167923,0.0,0.0,0.0,0.0,0.0,0.0,0.0,0.0,0.2601392209557289
713.0,5.585480128692412,0.0,0.0,0.0,0.0,1.541744608206325,0.0,0.0,0.0,0.12245720626080503
714.0,0.09665772090167923,0.0,0.0,0.0,0.0,0.0,0.0,0.0,0.0,0.2601392209557289
715.0,0.1461810661900268,0.0,0.8514312959241952,0.0,0.0,0.0,0.0,0.0,0.0,0.0
716.0,0.13156295957102412,0.0,0.7662881663317757,0.0,0.0,0.0,0.0,0.0,0.0,0.0
717.0,0.13156295957102412,0.0,0.7662881663317757,0.0,0.0,0.0,0.0,0.0,0.0,0.0
718.0,0.1461810661900268,0.0,0.8514312959241952,0.0,0.0,0.0,0.0,0.0,0.0,0.0
719.0,0.0,0.0,0.3982500627457281,0.0,1.52489374013175,1.764173237095889,0.0,0.0,0.0,0.0
720.0,0.13156295957102412,0.0,0.7662881663317757,0.0,0.0,0.0,0.0,0.0,0.0,0.0
721.0,0.15194237103318042,0.0,0.5424923216539532,0.6114925864945988,0.0,0.0,0.0,0.0,0.6284567160187582,0.0
722.0,0.1023267463330187,0.0,0.5960019071469366,0.0,0.0,0.0,0.0,0.0,0.0,0.0
724.0,0.8185446760836087,0.059436353834009276,0.4604664605159264,0.0,0.16486800524543682,0.0,0.0,0.0,0.37877355796180007,0.2853656383106775
725.0,0.0,0.0,0.0,0.11644615891138536,0.20289144933705647,0.0,0.0,0.0,0.0,0.196515236644845
726.0,0.0,0.0,0.0,0.0,0.0,0.0,0.7339339129293156,0.0,0.0,0.0
729.0,0.0,1.1389669197197319,1.8860671778526326,0.0,0.03876222522078776,0.0,0.0,0.0,0.0,0.0
730.0,0.0,2.4270130978885787,0.0,0.2881961664694128,0.0,0.0,0.09030206508270086,0.2146106667839529,0.0,0.0
731.0,0.0,3.5939509552725504,0.0,0.0,2.0975999448805127,0.0,1.8711273317005521,0.0,0.0,0.0
732.0,0.0,3.346918675536199,0.0,0.0,0.0,0.0,0.0,0.0,0.0,0.0
733.0,0.0,3.718798528373555,0.0,0.0,0.0,0.0,0.0,0.0,0.0,0.0
734.0,0.0,0.3098106454590017,0.0,0.0,0.050654149405142616,0.0,0.07385685143183941,0.23199146132117654,0.0,0.0
735.0,0.0,0.1409717754807438,0.0,0.0,0.0,0.0,0.05932461368496472,0.18022097197442716,0.0,0.6452404255553261
736.0,0.0,0.24784851636720137,0.0,0.0,0.040523319524114094,0.0,0.05908548114547153,0.18559316905694123,0.0,0.0
737.0,0.0,0.3098106454590017,0.0,0.0,0.050654149405142616,0.0,0.07385685143183941,0.23199146132117654,0.0,0.0
738.0,0.0,0.3098106454590017,0.0,0.0,0.050654149405142616,0.0,0.07385685143183941,0.23199146132117654,0.0,0.0
739.0,0.06624598355745207,0.11705113912910267,0.44487263352051815,0.0,0.11744709694547817,0.07514581085988349,0.0,2.4325567086409445,0.0,0.0
740.0,0.0,0.3098106454590017,0.0,0.0,0.050654149405142616,0.0,0.07385685143183941,0.23199146132117654,0.0,0.0
741.0,0.0,3.2947543789675247,0.0,0.0,0.0,0.0,0.008974252722902247,0.17863386045319085,0.0,0.0
742.0,1.5120519574373263,0.0657105293855734,0.0,0.0,0.13791872779270217,0.0,0.0,0.0,0.1654820695992079,0.0
743.0,1.4485812312569875,0.11355231404578651,0.0,0.0,0.0,0.0,0.0,0.0,0.0,0.0
744.0,1.1290437355478131,3.3778648988233373,0.0,0.0,0.0,0.0,0.0,2.123724448887152,0.0,0.0
745.0,1.1266742909776568,0.08831846648005617,0.0,0.0,0.0,0.0,0.0,0.0,0.0,0.0
746.0,1.3504297328379238,0.04546352753335431,0.30561829447020833,0.0,0.0,0.0,0.0,0.0,0.0,0.24825640788659786
747.0,0.0,0.0,0.0,0.0,0.0,0.0,0.0,0.03028054644992543,0.24448983243703593,0.0
748.0,0.0,0.0,0.0,0.0,0.0,0.0,0.11743948701351868,0.015207192480488458,0.17381910889682922,0.14106323092386083
749.0,0.0,0.0,0.0,0.0,0.0,0.0,0.0,0.02725249180493289,0.22004084919333233,0.0
750.0,0.0,0.0,0.0,0.0,0.0,0.0,0.0,0.009084163934977631,0.07334694973111078,0.0
751.0,0.0,0.0,0.0,0.0,0.0,0.0,0.0,0.012112218579970174,0.09779593297481437,0.0
752.0,0.0,0.0,0.0,0.0,0.0,0.0,0.0,0.03028054644992543,0.24448983243703593,0.0
753.0,0.0,0.0,0.0,1.9722958954244576,0.0,0.0,0.0,0.0,0.0,0.0
754.0,0.0,0.0,0.0,0.40583381759948806,0.0,0.0,0.0,0.0,0.0,0.0
755.0,0.0,0.0,0.0,0.08116676351989763,0.0,0.0,0.0,0.0,0.0,0.0
756.0,0.0,0.0,0.0,0.3246670540795905,0.0,0.0,0.0,0.0,0.0,0.0
757.0,0.0,0.0,0.0,0.649334108159181,0.0,0.0,0.0,0.0,0.0,0.0
758.0,0.0,0.0,0.014721211808996059,0.0,0.0009294039973318308,0.0,0.0,0.0,0.0,0.021776133647130602
759.0,0.0,0.0,0.013249090628096455,0.0,0.0008364635975986485,0.0,0.0,0.0,0.0,0.019598520282417545
760.0,0.0,0.0,0.013249090628096455,0.0,0.0008364635975986485,0.0,0.0,0.0,0.0,0.019598520282417545
761.0,0.0,0.0,0.0,0.7593569831470343,0.002947908607798068,0.0,0.0,0.0052561915627425985,0.034063204473677666,0.0
762.0,0.0,0.0,0.013249090628096455,0.0,0.0008364635975986485,0.0,0.0,0.0,0.0,0.019598520282417545
763.0,0.030841742942834725,0.0,0.004182565815297514,0.0,0.0,0.0,0.0,0.14059660285213593,0.0,0.018822791623242772
764.0,0.0,0.0,0.010304848266297241,0.0,0.0006505827981322821,0.0,0.0,0.0,0.0,0.015243293552991425
765.0,0.0,0.0,0.0,0.0,0.09008575456135207,0.00796213322174945,0.0,0.05448684068099885,0.0,0.4463616015122845
766.0,0.6622007884399239,0.0,0.0,0.0,0.026616010223607496,0.0,0.0,0.013589977261504634,0.1432201537866077,0.16370475709624654
767.0,0.0,0.14171795442341073,0.0,0.0,0.11952683210301449,0.0,0.0,0.0532530320468455,0.4179860757935051,0.29602448659227387
768.0,2.2552926150338175,0.0,0.0,0.0,1.1462241252075662,0.018300570150588016,0.0,1.7880661295294595,0.0,0.6296146813005868
769.0,0.41963187387608925,0.0,0.0,0.0,0.04321750962833264,0.018313497971067443,0.17431203714453847,0.11182100819254265,0.0,0.12809845032505615
770.0,0.0,0.0,0.0,0.0,1.2436890217815366,0.0,0.0,0.03702056567671467,0.0,0.14645818561415413
771.0,0.0,0.0,0.0,0.0,0.09301339211921279,0.018532703894082264,0.0,0.05229618498972518,0.0,0.16757605244112833
772.0,0.0,0.0,0.0,0.0,0.0,0.0,0.0,0.0,0.0017587371471630663,0.0
773.0,0.0,0.0,0.0,0.0,0.0,0.0,0.0,0.0,0.00195415238573674,0.0
774.0,0.0,0.0,0.0,0.0,0.0,0.0,0.0,0.0,0.00195415238573674,0.0
775.0,0.0,0.0,0.0,0.0,0.0,0.0,0.0,0.0,0.00097707619286837,0.0
776.0,0.0,0.0,0.0,0.0,0.0,0.0,0.0,0.0,0.00195415238573674,0.0
777.0,0.0,0.0,0.0,0.0,0.0,0.0,0.0,0.0,0.001367906670015718,0.0
778.0,0.5359054395653268,0.0,0.0,0.0,0.0,0.0,0.0,0.0,0.11722216119508418,0.04308335034024871
779.0,0.6890212794411343,0.0,0.0,0.0,0.0,0.0,0.0,0.0,0.1507142072508225,0.05539287900889121
780.0,0.44379141994587523,0.0,0.0,0.0,0.0,0.0,0.0,1.9745907762433277,0.0,0.702580655736193
781.0,1.1158133603608051,0.15846505225713722,0.20939769196729527,0.5199408759001819,0.0,0.12572245626405829,0.10338197656154507,0.13527461867997947,0.47829279554027887,0.0
782.0,0.62788519068373,0.0,1.1667979669638315,0.05287691701090706,0.0,0.0,0.0,0.0,0.11596025353658125,0.017402787549574424
783.0,0.0,0.0,0.0,0.0,0.0,0.0,0.022813849069483312,0.0,0.08053944433669608,0.0
784.0,0.0,0.0,0.0,0.0,0.0,0.0,0.012674360594157396,0.0,0.04474413574260894,0.0
785.0,0.0,0.0,0.0,0.0,0.0,0.0,0.017744104831820356,0.0,0.0626417900396525,0.0
786.0,0.0,0.0,0.0,0.0,0.0,0.0,0.025348721188314792,0.0,0.08948827148521787,0.0
787.0,0.0,0.0,0.0,0.0,0.0,0.0,0.015209232712988874,0.0,0.05369296289113071,0.0
788.0,0.0,0.0,0.0,0.0,0.040285570085647225,0.0,0.02411273660628688,0.0,0.011074406307992966,0.0
789.0,0.0,0.0,0.0,0.0,0.044761744539608024,0.0,0.02679192956254098,0.0,0.012304895897769966,0.0
790.0,0.0,0.0,0.0,0.0,0.044761744539608024,0.0,0.02679192956254098,0.0,0.012304895897769966,0.0
791.0,0.0,0.0,0.0,0.0,0.035809395631686426,0.0,0.021433543650032784,0.0,0.00984391671821597,0.0
792.0,0.0,0.0,0.0,0.0,0.013173778035638932,0.0,0.15744902944435596,0.0,0.0,0.16599658157872704
793.0,0.0,0.0,0.0,0.0,0.044761744539608024,0.0,0.02679192956254098,0.0,0.012304895897769966,0.0
794.0,0.0,0.0,0.0,0.0,0.026857046723764818,0.0,0.01607515773752459,0.0,0.007382937538661977,0.0
795.0,0.0,0.0,0.8497249919558856,0.06583678643148178,0.0,0.0,1.9309264222893407,0.0,0.0,0.0
796.0,0.28524102801495654,0.6214337423770223,1.8821087872072195,0.5176940591355239,1.411621137236705,0.010579212247910827,0.0,0.07450890946687824,1.813635483486191,0.0
805.0,0.0,0.0,0.0,1.7194785386296116,0.0,0.0,0.0,0.0,0.0,0.020850194521492407
807.0,0.0,0.10338712373398874,1.0286632621526894,0.0,0.0,0.0,0.3528439916826931,0.0,0.0,0.0
808.0,0.0,0.0,0.0,0.0,0.04462431163788941,0.0,0.0,0.05971617080349119,0.002926482542586605,0.0
809.0,0.08770584693950059,4.248742967497571,1.5473428132142124,0.15460607554989225,0.0,0.12309256513751858,0.0,0.05888025825473574,0.0,0.0
811.0,0.19856117589114364,0.0,2.805809697993735,0.029349409312556418,0.0,0.0,0.0,0.0,0.0,0.0
814.0,0.0,0.0,0.0021768739564743903,0.0,0.0,0.0,0.0,0.0,0.2832659310029104,0.0
815.0,0.0,0.0,0.005442184891185976,0.0,0.0,0.0,0.0,0.0,0.7081648275072759,0.0
816.0,0.0,0.0,0.004897966402067346,0.0,0.0,0.0,0.0,0.0,0.6373483447565484,0.0
817.0,0.0,0.0,0.2048981976732636,0.38180977702506774,0.0,0.0,0.09124527170779916,0.10045325417597653,0.4657668328799289,0.0
826.0,4.311520613533436,0.0,0.0,0.0,0.0,0.0,0.0,0.0,0.0,0.0
827.0,0.45950947975361117,0.11973278368628787,0.0,0.019214905249147297,0.0,0.0,0.0,0.0,0.10679345933517463,0.02138891212042835
828.0,0.0,0.043271127193225005,0.0,0.0,0.0,0.0,0.0,0.0,0.00832150678130878,0.03791667514831405
837.0,0.38066005004639425,0.11982749194131789,0.699515799900761,0.0,0.0,0.03887379006367031,0.0,0.0,0.12661689630657016,0.0
838.0,0.5848078259490906,0.18360814961730346,0.27436074280835787,0.0,0.7448415405077792,0.11378869595828142,0.0,0.0,0.4110728122720511,0.16387255171987183
839.0,0.7008167069388619,0.30064353958381096,0.0,0.0,0.0,0.14077969319712616,0.0,0.0,0.5806011823838074,0.0
840.0,0.7008167069388619,0.30064353958381096,0.0,0.0,0.0,0.14077969319712616,0.0,0.0,0.5806011823838074,0.0
841.0,1.4851969122657442,0.0204910165235695,0.0,0.0,0.0,0.014302218610500721,0.0,0.00044372553629955426,0.010180317418418678,0.0
842.0,0.0,0.0,0.0,0.0,0.0,0.07128166503760539,0.0,1.5173129483422014,0.3120805041735082,0.15977760311179248
851.0,0.0,0.0,0.0,0.0,0.0,0.002385069861716016,0.0,0.0,0.22787255087932456,0.0
852.0,0.0,0.0,0.0,0.11039631767833523,0.0,0.0,0.0,0.0,0.6172199807321097,0.0
855.0,0.0,4.110872813624337,4.24883714172648,0.10781798968621244,0.0,0.022991365818304663,0.2030204700654219,1.8031282968199691,0.0,0.0
861.0,0.0,0.0,0.0,0.0,0.0,1.910729739673216,0.0,0.0,0.0,0.0
862.0,0.0,0.0,0.021493358771827658,0.4608138365629567,0.0,1.8061055172861438,0.10649091040087155,0.11224793459511555,0.0,0.0
863.0,0.0,0.04663373701646122,0.0,0.07425098036894257,0.0,0.009674218822958183,0.041484035500564516,0.04794718009911402,0.0,0.0
864.0,0.0,0.10492590828703777,0.0,0.16706470583012079,0.0,0.02176699235165591,0.09333907987627016,0.10788115522300659,0.0,0.0
865.0,0.0,0.09248999128996514,0.0,0.2686024810227115,0.002175747806248992,0.01049730823272788,0.0709099506655275,0.08923422157250387,0.0,0.060677587830680675
866.0,0.27127040886153836,0.13785851075597663,0.9346061174828557,0.0,0.0,0.08110743612879694,2.4628536602989106,0.02957789141903802,0.5250518947493302,0.0
867.0,0.08739005001993869,0.86394569812902,0.0,0.47198325247257883,0.0,0.23871797361715022,0.14546148280364848,0.22108023457791676,0.0,0.0
868.0,0.0,3.481249727007664,8.199902611250126,0.0,0.0,1.6583988327875017,0.0,0.0,0.0,0.0
869.0,0.11300724855561398,0.0,0.22422731541258495,0.15316093976386014,0.006470149224907542,0.0,0.0,0.0,0.055684049710667274,0.07029400776230732
870.0,0.09040579884449118,0.0,0.17938185233006798,0.12252875181108815,0.005176119379926032,0.0,0.0,0.0,0.044547239768533815,0.05623520620984587
871.0,0.11300724855561398,0.0,0.22422731541258495,0.15316093976386014,0.006470149224907542,0.0,0.0,0.0,0.055684049710667274,0.07029400776230732
872.0,0.0,3.7134453049649405,0.0015921343860612104,0.08218117594978179,0.0,0.0,0.0,0.0,0.0,0.0
873.0,0.11300724855561398,0.0,0.22422731541258495,0.15316093976386014,0.006470149224907542,0.0,0.0,0.0,0.055684049710667274,0.07029400776230732
874.0,0.3707432521202484,0.507062063956684,1.4002433170266475,0.08130181573280293,0.0,0.12264973481007262,0.0,0.03532094417841969,0.0,0.0
875.0,0.0889954729126198,0.014995271647647069,0.42225472657075885,0.0,0.0,0.0,0.0,0.0,0.0,0.0
876.0,0.29665157637539935,0.04998423882549023,1.407515755235863,0.0,0.0,0.0,0.0,0.0,0.0,0.0
877.0,0.046668970520182367,0.18913873116427238,0.5684521352234976,0.0,0.0016766701171607456,0.0,0.0,0.0,0.0,0.24304091078987883
878.0,0.2669864187378594,0.044985814942941224,1.2667641797122768,0.0,0.0,0.0,0.0,0.0,0.0,0.0
879.0,0.11866063055015973,0.019993695530196098,0.5630063020943452,0.0,0.0,0.0,0.0,0.0,0.0,0.0
880.0,0.0,0.045490440904203094,2.967069815498682,0.02516601052631502,0.0,0.0,0.0,0.008071403740082951,0.0,0.40364033973396657
881.0,0.0,0.0,0.8306685080937906,0.14120630914397306,0.0,0.0,0.0,0.0,0.0,0.0
882.0,0.0,0.0,1.3036319539107788,0.12279436478906658,0.0,0.0,0.0,0.0,0.0,0.0
883.0,0.0,0.0,1.0139359641528278,0.09550672816927401,0.0,0.0,0.0,0.0,0.0,0.0
884.0,0.0,0.0,0.03391816692720409,0.0,0.158456072355254,0.0,0.0,0.04522269862227884,0.0,0.058226579823432774
885.0,0.7384185923756709,0.0,0.01833341665718811,0.0,0.11335457865790273,0.0,0.0,0.023026347802721787,0.04078036167197947,0.03272454111872601
886.0,0.0,0.0,0.03052635023448368,0.0,0.1426104651197286,0.0,0.0,0.04070042876005097,0.0,0.05240392184108948
887.0,0.0,0.0,0.0,0.0,1.4356054125882003,0.0,0.0,0.007078721981038552,0.0,0.0
888.0,0.0,0.0,0.03052635023448368,0.0,0.1426104651197286,0.0,0.0,0.04070042876005097,0.0,0.05240392184108948
889.0,0.0,0.0,0.0,0.0,0.0,0.0,0.0,0.0,0.0,4.493523399696682e-174
890.0,0.0,0.0,0.0,0.0,0.0,0.0,0.0,0.0,0.0,2.246761699848341e-174
891.0,0.0,0.0,0.0,0.0,0.0,0.0,0.0,0.0,0.0,3.5948187197573484e-174
892.0,0.0,0.039702001584203804,0.004459783349745846,0.028804968100820588,0.2530574436330692,0.0,0.0,0.0,0.0,0.0
893.0,0.0,0.039702001584203804,0.004459783349745846,0.028804968100820588,0.2530574436330692,0.0,0.0,0.0,0.0,0.0
894.0,0.0,0.026468001056135868,0.00297318889983056,0.019203312067213728,0.16870496242204613,0.0,0.0,0.0,0.0,0.0
895.0,0.0,0.039702001584203804,0.004459783349745846,0.028804968100820588,0.2530574436330692,0.0,0.0,0.0,0.0,0.0
896.0,0.0,0.0,0.0,2.229970989946308,0.26353321631402393,0.0,0.11503748896354976,0.05852158148195729,0.055593555516421804,0.18855393078521518
898.0,0.0,0.0,0.0,0.0,1.1176863905010008,0.0,0.0,0.0,0.0,0.0
900.0,0.1481900807274143,0.008069255642800904,1.4814286882625878,0.6411421571450864,0.0,0.0,0.0,0.0,0.0,0.0
903.0,0.0,0.0,0.0,0.02395463759962058,0.0,0.0,0.0,0.0,0.0,0.01163116168670936
904.0,0.0,0.0,0.0,0.026616263999578425,0.0,0.0,0.0,0.0,0.0,0.012923512985232621
905.0,0.0,0.0,0.0,0.02395463759962058,0.0,0.0,0.0,0.0,0.0,0.01163116168670936
906.0,0.0,0.0,0.0,0.026616263999578425,0.0,0.0,0.0,0.0,0.0,0.012923512985232621
907.0,0.06806175760108252,0.0,0.0,0.1766348626908495,0.0,0.0,0.028084754157138087,0.017830248342940662,0.16747664446958266,0.09881924700792985
908.0,0.0,0.04328483420621449,0.0,1.2732690880165516,0.0,0.12539446900486328,0.0,0.0,0.0,0.7651462471762798
909.0,0.0,0.0,0.0,0.021293011199662742,0.0,0.0,0.0,0.0,0.0,0.010338810388186096
910.0,0.0,0.0,0.0,0.026616263999578425,0.0,0.0,0.0,0.0,0.0,0.012923512985232621
911.0,0.0,0.0,0.0,0.02395463759962058,0.0,0.0,0.0,0.0,0.0,0.01163116168670936
912.0,0.0,0.0,0.0,0.026616263999578425,0.0,0.0,0.0,0.0,0.0,0.012923512985232621
918.0,0.8614546145655755,0.20936402112339808,0.06311350632442936,0.0,0.02223362614488845,0.0,0.0495896727420815,0.1694256596804793,0.0424884611313624,0.0
919.0,1.138844909626111,0.0,0.12087597637842423,0.0,0.0,0.0,0.0,0.0,0.07305231892109236,0.0
920.0,5.8839937112926455,0.0,0.0,0.0,0.0,0.0,0.0,0.0,0.0,0.0
921.0,1.2653832329179013,0.0,0.13430664042047133,0.0,0.0,0.0,0.0,0.0,0.08116924324565819,0.0
922.0,1.138844909626111,0.0,0.12087597637842423,0.0,0.0,0.0,0.0,0.0,0.07305231892109236,0.0
923.0,0.7095673717694025,0.0,0.0,1.5645359345441783,0.4179779454675726,0.0,0.0,0.0,0.1826360098071417,0.6093023485330057
931.0,0.11300724855561398,0.0,0.22422731541258495,0.15316093976386014,0.006470149224907542,0.0,0.0,0.0,0.055684049710667274,0.07029400776230732
936.0,0.0,0.0,0.0,0.3336403082593498,0.0,0.0,0.0,0.12627889734026432,0.701622261530674,0.0
937.0,0.0,0.0,0.0,1.0055454116832843,0.0,0.0,0.0,0.0,0.06098091626204718,0.0
938.0,0.0,0.0,0.0,0.0,0.2797582469228476,0.0,0.0,0.0,0.6026957545303182,0.0
939.0,0.0,0.12041480798182025,0.4151765862433534,0.05059545785892347,0.026948229386670082,0.0,0.0,0.04011664581251823,0.010337837428451166,0.0
940.0,0.0,0.0,0.8980892036564438,0.0,0.0,1.5751301304782253,2.180421352261164,0.0,0.0,0.0
941.0,0.11943474700180426,0.0,4.050731096832753,0.0,0.0,0.0,0.0,0.0,0.0,0.0
942.0,0.0,0.0,1.9843448602999614,0.0,0.03804798269615416,0.0,0.0,0.0,0.0,0.0
943.0,0.0,0.0,1.9843448602999614,0.0,0.03804798269615416,0.0,0.0,0.0,0.0,0.0
944.0,0.0,1.5161315631719023,0.9577085149709513,0.05582640336912791,0.1673801375282661,0.0,0.0,0.0,0.0,0.054544980520000605
945.0,0.0,0.0,1.389041402209973,0.0,0.02663358788730792,0.0,0.0,0.0,0.0,0.0
946.0,0.0,0.0,0.39686897205999233,0.0,0.007609596539230832,0.0,0.0,0.0,0.0,0.0
948.0,0.0,2.975038822698844,0.0,0.0,0.0,0.0,0.0,0.0,0.0,0.0
950.0,0.21828015263964418,0.4963380295147998,0.14040447937818715,0.1253381391644636,0.4426998386588061,0.0,0.06602212108873354,0.06427311816553762,0.0,0.2735770778066777
953.0,3.878598020592327,0.0,0.0,0.0,0.0,0.0,0.0,0.0,0.0,0.0
954.0,0.0,0.02517568683723577,0.359286779724285,0.0,0.0,0.0,0.0,2.247670073040509,0.0,0.0
955.0,0.0,0.14769589104855538,1.4695189459324138,0.0,0.0,0.0,0.5040628452609902,0.0,0.0,0.0
956.0,1.2332460771437044,4.249126947330936,0.5817865679985588,0.0,0.0,0.029672699181771792,0.0,0.0,0.8857884219861317,0.9793247270414905
957.0,1.0210018017924385,0.0,0.0,0.0,0.0,1.8346666562467178,2.1654159003817064,2.358702917216746,0.40849677668003004,0.0
961.0,0.028792166021581477,0.0,0.0,0.04064341014173776,0.0,0.0,0.0,0.0,0.044641477947080184,0.005165017414762248
962.0,0.0719804150539537,0.0,0.0,0.10160852535434439,0.0,0.0,0.0,0.0,0.11160369486770044,0.012912543536905624
963.0,0.18388975891656067,0.0,0.0,0.1591836057456268,0.0,0.0,0.0,0.057805176583957264,1.0081706836136877,0.06092960322253248
964.0,0.043188249032372214,0.0,0.0,0.060965115212606634,0.0,0.0,0.0,0.0,0.06696221692062028,0.007747526122143371
966.0,3.7385841229348107,0.041828739996389835,2.230848698301933,0.4575978428646361,0.06649449233404624,0.0,2.5181191266542946,0.06979921520422944,0.0,0.41472842084549166
967.0,0.0,0.0,0.0,0.0,0.0,1.7586745500670193,1.9195301778711353,0.0,0.0,0.0
969.0,0.0,0.0,1.494978155647469,0.0,0.0,0.0,0.0,0.0,0.1473429750281199,0.0
970.0,0.0,0.05700277851998843,0.0024776743863362607,0.0,0.050721310300622824,0.0,0.031739128910862176,0.0794339518232282,0.0,0.0
971.0,0.26898401120199683,0.0,0.0,0.0,0.0,0.0,2.8470941905552043,2.6402965322245873,0.0,1.5400621568079975
972.0,0.5873856401766984,0.5562730635967478,0.0,0.0,0.025158940937723567,0.11466383736219965,0.08889796084447257,0.27990516961021644,0.7040350747318717,0.0
973.0,0.0,3.4521272853306066,3.738147961678795,0.0,2.8878433841635736,0.0,0.30669196354237005,0.1807148663800548,0.0,0.0
974.0,0.0,0.05130250066798958,0.0022299069477026328,0.0,0.04564917927056054,0.0,0.028565216019775956,0.07149055664090538,0.0,0.0
975.0,0.0,0.0,0.0,0.0872517750633521,0.0,0.08031253389590635,0.0,0.0,0.0,0.20297043496316972
976.0,0.0,0.0,0.0,0.0872517750633521,0.0,0.08031253389590635,0.0,0.0,0.0,0.20297043496316972
977.0,0.0,0.0,0.0,0.034900710025340835,0.0,0.03212501355836254,0.0,0.0,0.0,0.08118817398526787
978.0,0.0,0.0,0.0,0.07852659755701691,0.0,0.07228128050631571,0.0,0.0,0.0,0.1826733914668527
979.0,0.0,0.0,0.0,0.22838623550472334,0.0,0.059321617705990606,0.0,0.0,0.0,0.2831591151034587
980.0,0.0,0.0,0.0,0.06980142005068167,0.0,0.06425002711672508,0.0,0.0,0.0,0.16237634797053574
981.0,0.0,0.0,0.0,0.9602321022184838,0.0,0.0,0.0,0.0,0.0,0.007660136173293011
982.0,6.513228693230854,0.2530209416240232,3.318086249160979,5.1898313900386945,0.0,2.271588606297195,0.0,0.0,0.0,0.0
983.0,0.0,0.0,0.0,0.06980142005068167,0.0,0.06425002711672508,0.0,0.0,0.0,0.16237634797053574
986.0,0.0,0.0,0.0,0.0,0.0,0.0,1.7125124635017364,0.0,0.0,0.0
989.0,0.13575597090491767,0.0,0.0,0.0,0.09678175240812713,0.0,0.0,0.0,0.0,0.20614183669775377
990.0,0.13575597090491767,0.0,0.0,0.0,0.09678175240812713,0.0,0.0,0.0,0.0,0.20614183669775377
991.0,0.0,0.0,0.0,0.0,0.0,0.0,0.0,0.0,0.0,1.1987072163210972
992.0,0.13575597090491767,0.0,0.0,0.0,0.09678175240812713,0.0,0.0,0.0,0.0,0.20614183669775377
993.0,0.0,0.0,0.0,0.0,1.6056888545777344,0.0,0.0,0.0,0.0,0.0
994.0,0.0,0.0,0.0,0.0,3.0903220341099544,0.0,0.0,0.0,0.0,0.0
995.0,0.0,0.0,2.4884585808215074,0.0,1.714238256570622,0.0827594334283154,0.0,0.0,0.0,0.0
996.0,0.0,0.0,0.42686734125774956,0.0,0.0,0.0,0.0,0.0,0.0,0.2683600756484801
997.0,0.0,0.0,0.12806020237732488,0.0,0.0,0.0,0.0,0.0,0.0,0.080508022694544
998.0,0.0,0.0815361882658972,1.9323277605926836,0.0,0.0,0.0,0.49934922905883544,0.0,0.0,0.18441349971729712
999.0,0.0,0.0,0.3841806071319746,0.0,0.0,0.0,0.0,0.0,0.0,0.24152406808363203
1000.0,0.0,0.1883139028874791,0.0,0.0,0.025825231185151253,0.0,0.010257359439181869,0.051483925662935685,0.4398410921134292,0.10176978351677038
1001.0,0.0,0.0,0.0,0.0,0.009529113511328928,0.0,0.028788874835339102,0.04076234810361764,0.0,0.0
1002.0,0.0,0.0,0.0,0.0,0.013613019301898469,0.0,0.041126964050484424,0.05823192586231092,0.0,0.0
1003.0,0.0,0.0,0.0,0.0,0.012251717371708621,0.0,0.03701426764543599,0.05240873327607983,0.0,0.0
1004.0,0.0,0.0,0.0,0.0,0.009529113511328928,0.0,0.028788874835339102,0.04076234810361764,0.0,0.0
1005.0,0.38609655231161566,0.12795330230889487,0.0,0.0,0.0,0.08570336070733502,0.0,2.2577058680435234,0.3931841942298935,0.0
1006.0,0.0,0.0,0.0,0.0,0.0,0.0,0.17713340116024198,0.047060982435191974,0.0,0.16493078131064187
1007.0,0.0,0.0,0.0,0.0,0.012251717371708621,0.0,0.03701426764543599,0.05240873327607983,0.0,0.0
1008.0,0.1465637939382994,0.0,0.0,0.07968858510557936,0.0,0.0,0.03708332919845468,0.0,0.6534151146906446,0.19560776586086767
1009.0,0.0,0.0,0.04326518146081449,0.009306117447487917,0.0,0.0,0.04463014092710552,0.037363856370443156,0.014874333005936852,0.07509466650031207
1010.0,0.0,0.0,0.017306072584325795,0.003722446978995166,0.0,0.0,0.01785205637084221,0.014945542548177258,0.005949733202374742,0.03003786660012484
1011.0,0.0,0.0,0.03093520233003681,0.4645141794733344,0.0,0.0,0.00043619443551941246,0.0,0.0,0.0
1012.0,0.0,0.0,0.038938663314733044,0.008375505702739119,0.0,0.0,0.040167126834394974,0.033627470733398834,0.01338689970534317,0.06758519985028087
1013.0,0.0,0.0,0.02595910887648869,0.005583670468492752,0.0,0.0,0.026778084556263314,0.022418313822265886,0.00892459980356211,0.045056799900187246
1014.0,0.0,0.0,0.4680534578381593,0.0,0.0,0.0,0.02052236383187088,0.010079143379853587,0.0,0.33034041405377057
1015.0,0.0,0.28542720605217364,0.0,0.0,0.045058387025298456,0.0,0.06601687736652068,0.0,0.0,0.01595880395795247
1016.0,0.0,0.14271360302608682,0.0,0.0,0.022529193512649228,0.0,0.03300843868326034,0.0,0.0,0.007979401978976236
1017.0,0.0,0.11596676654780014,0.0,0.0,0.002244961516031176,0.0,2.259750380148755,0.0,0.0,0.0
1018.0,1.5142640718437892,3.1422343809930458,0.0,0.0,0.0,0.08525624459273128,0.0,0.0,0.5976393330740979,0.0
1019.0,0.0,0.19979904423652153,0.0,0.0,0.03154087091770892,0.0,0.04621181415656448,0.0,0.0,0.01117116277056673
1020.0,0.0,3.5537710641523246,0.0,0.0,0.0,0.0,0.0,0.0,0.0,0.0
1021.0,0.0,0.0,0.0,0.11545881025993711,0.0,0.0,0.0,0.0,0.3421550785492117,0.0
1022.0,0.0,0.0,0.0,0.06414378347774284,0.0,0.0,0.0,0.0,0.190086154749562,0.0
1023.0,0.0,0.0,0.0,0.07697254017329137,0.0,0.0,0.0,0.0,0.22810338569947441,0.0
1024.0,0.0,3.6472421509361124,0.0,0.0,0.0,0.0,0.0,0.0,0.0,1.250053892298405
1025.0,0.011549243086965448,0.12062848844079724,0.149201731684681,0.0,0.06761425574935223,0.003676197609866387,0.0,0.0406729943175138,0.0,0.3196916080974418
1026.0,0.03498408935898253,0.10742377065689297,0.14471589482099956,0.0,0.0,0.0,0.0,0.0,0.0,0.09678498321074581
1027.0,0.0583068155983042,0.17903961776148833,0.24119315803499924,0.0,0.0,0.0,0.0,0.0,0.0,0.16130830535124305
1028.0,0.017492044679491264,0.053711885328446486,0.07235794741049978,0.0,0.0,0.0,0.0,0.0,0.0,0.04839249160537291
1029.0,0.2669864187378594,0.044985814942941224,1.2667641797122768,0.0,0.0,0.0,0.0,0.0,0.0,0.0
1030.0,0.0,0.0,0.10161400144339036,0.29204803040319927,0.0,0.008562997498797954,0.06453329231662651,0.07238781289907094,0.0,0.0
1031.0,0.2276700287237529,0.0,0.0,0.0,0.1738426467832535,0.0,0.0,0.0,0.22116534911595243,0.0003195885663284829
1035.0,0.0,0.0,0.0,0.0,0.0,0.0,0.0,0.0,0.19953011355212766,0.051901893681698376
1036.0,0.0,0.32205123810610997,0.0,0.022417059102580735,0.22076051888761186,0.0,0.1533205470106521,0.12191340436773408,0.0,0.5891412261612915
1037.0,0.001911059170799242,2.005548681978858,0.0,0.0,0.3987440744462998,0.0,0.0,0.0015631603445498965,0.09756024002824541,0.33672545836290274
1038.0,0.0,0.16025291574800404,0.0,0.0,0.015719392327723115,0.0,0.006316472338276096,0.0,0.0,0.2662340732914883
1039.0,0.0,0.0,0.0,0.0,0.0,0.0,0.0,0.0,0.0,0.7059999954050621
1040.0,0.0,0.24542892710838893,0.0,0.0,0.0,0.0,2.160880784014974,0.0,0.0,0.5967535021943837
1041.0,0.0,0.0,0.0,0.0029808983303809132,0.015925791708626524,0.06249465947753648,0.09110387759771715,0.0,0.0,0.049306195627996485
1042.0,0.0,0.0,0.0,0.0029808983303809132,0.015925791708626524,0.06249465947753648,0.09110387759771715,0.0,0.0,0.049306195627996485
1043.0,0.0,0.0,0.0,0.0026828084973428206,0.014333212537763873,0.05624519352978282,0.08199348983794544,0.0,0.0,0.04437557606519684
1044.0,0.0,0.0,0.0,0.0023847186643047276,0.01274063336690122,0.04999572758202917,0.07288310207817371,0.0,0.0,0.039444956502397197
1045.0,0.0,0.0,0.0,0.0029808983303809132,0.015925791708626524,0.06249465947753648,0.09110387759771715,0.0,0.0,0.049306195627996485
1046.0,0.0,0.0,0.0,0.09779634632077128,0.17752403062948463,0.03720897238127102,0.053258848908508453,0.0,0.0,0.203475184133617
1047.0,3.679141309108511,2.3650086079629813,0.0,3.361496631111364,0.655662558111779,1.8489356666367176,2.4559433079008164,0.07742309751019262,0.4409382834478332,0.436227932665492
1048.0,0.0,0.0,0.0,0.0029808983303809132,0.015925791708626524,0.06249465947753648,0.09110387759771715,0.0,0.0,0.049306195627996485
1052.0,1.279921076420947,0.098440457395663,1.6176894341595303,0.0,0.0,0.09883393556637575,0.0,0.004159407745003675,2.0424906300012236,0.0
1055.0,0.9088264021600585,0.0,0.09771224640646357,0.2666229481051878,0.0,0.0,0.05922047592959599,0.05796301845721611,0.00816542456801013,0.0
1056.0,0.8484965021313787,0.0,0.0,0.0,0.0,0.0,0.0,0.0,0.06582018969083824,0.0
1057.0,3.098770777055926,0.0,0.0,0.0,0.0,0.0,0.0,0.007780166657210963,0.0,0.0
1058.0,0.739967012420071,0.0,0.0,0.0,0.0,0.0,0.06271283071803986,0.0,0.04879597078093337,0.06834947377577837
1059.0,0.6977355273681093,0.0,0.0,1.2186348860463458,0.03531384003715817,0.0,0.0,0.0,0.04907050564038206,0.05496446583709004
1060.0,0.012697587451415854,0.0,0.009962829944053196,0.0,0.0,0.00037600289696311696,0.0,0.002673254760875292,0.0016067093933200111,0.0
1061.0,0.16155924360311216,0.0,0.8631061444728144,0.0,0.0,0.0,0.0,0.0,0.0,0.0
1062.0,0.00952319058856189,0.0,0.007472122458039897,0.0,0.0,0.0002820021727223378,0.0,0.0020049410706564686,0.0012050320449900093,0.0
1063.0,0.014284785882842837,0.0,0.011208183687059843,0.0,0.0,0.00042300325908350674,0.0,0.003007411605984703,0.0018075480674850132,0.0
1064.0,0.014284785882842837,0.0,0.011208183687059843,0.0,0.0,0.00042300325908350674,0.0,0.003007411605984703,0.0018075480674850132,0.0
1065.0,0.015871984314269817,0.0,0.012453537430066493,0.0,0.0,0.0004700036212038963,0.0,0.0033415684510941152,0.002008386741650014,0.0
1066.0,0.0,0.0,0.0,0.0034166498641669887,0.0,0.10795203850460089,0.05998494094416654,0.21842825948134428,0.033610027129474807,0.0
1069.0,0.7252203244088188,0.0,0.31699411885366635,0.0,0.0,0.0028852214177285773,0.0,0.0,0.011793639475870369,0.0
1070.0,4.309553356213697,0.0,0.0,0.0,0.0,0.0,0.0,0.0,0.0,0.0
1071.0,0.028393210179306745,0.0,0.0,0.002171645352035843,0.0,0.0,0.0,0.11313271359020367,0.0,0.0
1073.0,6.119488580203328,0.0,0.0,0.49879644363113806,0.0,0.0,0.22789596331839562,0.08241886083391023,0.0,0.031299761694624076
1076.0,0.0,0.14901893501634772,0.0,0.0,2.860638443965987,0.0,2.024768722592525,2.2080035070658504,0.0,0.0
1079.0,0.0,0.0,0.004897966402067346,0.0,0.0,0.0,0.0,0.0,0.6373483447565484,0.0
1081.0,0.0,0.0,1.013850064848876,0.18156269078746134,0.0,0.0,0.0,2.0979852359693125,0.0,0.0
1082.0,0.5129203614032706,0.11961466423803851,0.0,0.0,0.0,0.09105440850544141,2.426064352786755,0.0,0.42061560364539147,0.0
1084.0,0.08858934083691064,0.0,0.0,0.0,0.0,0.0,0.0,0.0,0.2935154313475095,0.0
1085.0,0.044012910099314205,0.0,0.023132641836011453,0.0,0.0,0.0,0.012912611619800715,0.0,0.06896575072167753,0.0
1086.0,0.0,0.0,0.0,0.0,0.0,0.0,0.0,1.5356219930033248,0.10376097587140774,0.0
1089.0,0.0,0.13292630194369984,1.3225670513391723,0.0,0.0,0.0,0.4536565607348911,0.0,0.0,0.0
1090.0,0.0,0.0,0.0,0.0,1.6056888545777344,0.0,0.0,0.0,0.0,0.0
1091.0,0.0,0.0,0.0,0.0,0.0,0.0,0.0,0.0,0.0,0.23452710256593517
1092.0,0.0,0.0,0.0,0.0,0.0,0.0,0.0,0.0,0.0,0.2605856695177058
1093.0,0.0,0.0,0.15729045309982276,0.0,0.0,0.0,0.01558750913826177,0.026142715455961984,0.0,0.3342094886432811
1094.0,0.0,0.0,0.0,0.0,0.0,0.0,0.0,0.0,0.0,0.07817570085531171
1095.0,0.0,0.0,0.0,0.0,0.0,0.0,0.0,0.0,0.0,0.2605856695177058
1096.0,0.0,0.0,0.0,0.0,0.0,0.0,0.0,0.0,0.0,0.2605856695177058
1097.0,0.10928587636767856,0.08825673210316369,0.7378467719299331,0.0,0.16856109222564145,0.0,0.0,0.0,0.0,0.014504799190003042
1098.0,0.0,0.16452013764699241,0.0,0.0,0.23728799009889606,0.0,0.0,0.0,0.0,0.019115421660743995
1099.0,3.024990525547585,0.6068038163563877,5.095450573952267,3.209145711642349,2.66667960773562,0.0,0.0,1.4990933111776568,0.9791668559905019,0.9583033590586835
1100.0,0.0,0.16452013764699241,0.0,0.0,0.23728799009889606,0.0,0.0,0.0,0.0,0.019115421660743995
1101.0,0.0,0.032904027529398486,0.0,0.0,0.047457598019779196,0.0,0.0,0.0,0.0,0.0038230843321488
1103.0,0.20490302585137757,0.0,0.0,0.0,0.15645838210492818,0.0,0.0,0.0,0.19904881420435716,0.0002876297096956367
1106.0,1.6095347013966526,0.12616923782865166,0.0,0.0,0.0,0.0,0.0,0.0,0.0,0.0
1107.0,0.2908948264433644,3.0454860176541634,0.0,0.0,0.0,0.0,0.0,0.0,0.0,0.0
1108.0,0.5237575887523496,0.06086553027725219,0.0,0.040689543679574974,0.0,0.0,0.0,0.0,0.06760340797064233,0.0
1109.0,4.026865310343201,0.0,0.9798850807739378,0.0,0.0,0.0,0.4398253243171154,2.1625380189877057,0.0,0.0
1110.0,0.4713818298771146,0.05477897724952698,0.0,0.03662058931161748,0.0,0.0,0.0,0.0,0.060843067173578104,0.0
1111.0,0.5237575887523496,0.06086553027725219,0.0,0.040689543679574974,0.0,0.0,0.0,0.0,0.06760340797064233,0.0
1112.0,0.5237575887523496,0.06086553027725219,0.0,0.040689543679574974,0.0,0.0,0.0,0.0,0.06760340797064233,0.0
1113.0,0.3666303121266447,0.042605871194076536,0.0,0.028482680575702482,0.0,0.0,0.0,0.0,0.04732238557944965,0.0
1114.0,0.03194236145172008,0.0,0.0,0.0024431010210403245,0.0,0.0,0.0,0.12727430278897914,0.0,0.0
1115.0,0.028393210179306745,0.0,0.0,0.002171645352035843,0.0,0.0,0.0,0.11313271359020367,0.0,0.0
1116.0,3.9117748586583834,0.0,0.0,0.0,0.0,0.0,0.0,0.11845000097679859,0.0,0.0
1117.0,0.03194236145172008,0.0,0.0,0.0024431010210403245,0.0,0.0,0.0,0.12727430278897914,0.0,0.0
1118.0,0.014196605089653373,0.0,0.0,0.0010858226760179215,0.0,0.0,0.0,0.05656635679510184,0.0,0.0
1119.0,0.03194236145172008,0.0,0.0,0.0024431010210403245,0.0,0.0,0.0,0.12727430278897914,0.0,0.0
1120.0,0.009690725228930863,2.7074132005208162,0.0,0.12093176237563555,0.0,0.09038208116363057,0.02596278092452357,0.06996341408382047,0.0,0.0
1121.0,0.1271511884524542,0.003963923878834888,0.137030311039563,0.0,0.00638425160512829,0.0,0.05293500703626441,0.1288146644698285,0.004205069700231004,0.0
1122.0,0.03194236145172008,0.0,0.0,0.0024431010210403245,0.0,0.0,0.0,0.12727430278897914,0.0,0.0
1123.0,0.0,0.04807903021469444,0.0,0.0,0.0,0.0,0.0,0.0,0.009246118645898641,0.04212963905368228
1124.0,0.0,0.043271127193225005,0.0,0.0,0.0,0.0,0.0,0.0,0.00832150678130878,0.03791667514831405
1125.0,0.0,0.04807903021469444,0.0,0.0,0.0,0.0,0.0,0.0,0.009246118645898641,0.04212963905368228
1126.0,0.0,0.04807903021469444,0.0,0.0,0.0,0.0,0.0,0.0,0.009246118645898641,0.04212963905368228
1127.0,0.0,0.02884741812881667,0.0,0.0,0.0,0.0,0.0,0.0,0.005547671187539186,0.025277783432209364
1128.0,0.0,0.043271127193225005,0.0,0.0,0.0,0.0,0.0,0.0,0.00832150678130878,0.03791667514831405
1129.0,0.0,0.043271127193225005,0.0,0.0,0.0,0.0,0.0,0.0,0.00832150678130878,0.03791667514831405
1130.0,0.1644839491863165,0.11981797856407665,1.3528255211179787,0.01945116616306127,0.09024091219879969,0.09305185283986496,0.208975846056092,0.0,0.0,0.0
1131.0,0.0,0.0,1.6224307317822066,0.0824061332146502,0.0,0.0,0.0,0.0,0.0,0.0
1132.0,0.0,0.0,0.20362230849547766,0.0,0.0,1.7897341787864283,0.0,0.0,0.0,0.0
1133.0,0.0,0.0,0.405921566335061,0.0,0.0,0.00489342694384552,0.0,0.0,0.0,0.017910664673436955
1134.0,2.647286673704408,0.0,0.28791442689527785,0.0,0.0,1.0225197831103703,0.0,0.0,0.0,0.257846341072774
1135.0,0.0,0.0,0.2657512962213448,0.0,0.0,0.0021772903742227423,0.0,0.0,0.030458418320988632,0.010470250986016862
1136.0,0.0,0.0,8.555726036332013,0.0,0.0,0.0,0.0,0.0,0.09373601223312139,0.6587643390062449
1137.0,0.0,0.0,0.45102396259451216,0.0,0.0,0.005437141048717248,0.0,0.0,0.0,0.019900738526041056
1138.0,0.0,0.0,0.28709513528498803,0.7139404394803444,0.0,0.0,0.0,0.0,0.0,0.0
1139.0,0.09174266979459444,0.7464981064539205,0.0,0.2856451485397908,0.0,0.2142783067874074,0.04127516514393033,0.10102078496173214,0.0,0.003599484137206283
1140.0,0.02752280093837832,0.22394943193617614,0.0,0.08569354456193724,0.0,0.0642834920362222,0.012382549543179104,0.03030623548851964,0.0,0.0010798452411618833
1141.0,0.0,0.3492259584081704,0.0,0.41288003528387024,2.5700896318871713,1.9951209131767191,0.0,0.0,0.0,0.0
1142.0,0.05504560187675664,0.4478988638723523,0.0,0.1713870891238745,0.0,0.1285669840724444,0.024765099086358208,0.06061247097703928,0.0,0.0021596904823237666
